LOADCOMMANDID,EXPOSUREID,CREATEUSERID,PUBLICID,COSTTYPE,BEANVERSION,ARCHIVEPARTITION,RETIRED,CREATETIME,RESERVINGCURRENCY,COSTCATEGORY,UPDATEUSERID,UPDATETIME,CLAIMID,ID
,5402.0,3,cc:3501,1,0,,0,2018-05-15 20:40:07.331,10001,10001,3,2018-05-15 20:40:07.331,5903,3501
,5601.0,3,cc:3601,10002,2,,0,2018-05-19 14:26:48.942,10001,10001,2,2018-05-21 00:00:00.490,6101,3601
,5602.0,3,cc:3602,10002,2,,0,2018-05-19 15:22:06.789,10001,10001,2,2018-05-21 00:00:01.160,6102,3602
,5501.0,3,cc:3701,10002,0,,0,2018-06-12 09:01:26.884,10001,10001,3,2018-06-12 09:01:26.884,6002,3701
,5802.0,3,cc:3702,10002,0,,0,2018-06-12 10:16:33.403,10001,10001,3,2018-06-12 10:16:33.403,6302,3702
,5804.0,3,cc:3703,10002,0,,0,2018-06-12 10:17:23.952,10001,10001,3,2018-06-12 10:17:23.952,6302,3703
,5810.0,3,cc:3704,1,2,,0,2018-06-12 16:08:44.183,10001,10001,2,2018-06-12 16:30:00.605,6309,3704
,5813.0,3,cc:3705,1,3,,0,2018-06-12 16:22:30.253,10001,10001,3,2018-06-12 18:18:07.091,6312,3705
,5816.0,3,cc:3706,1,2,,0,2018-06-12 19:29:36.590,10001,10001,2,2018-06-13 00:00:00.320,6318,3706
,5826.0,3,cc:3707,10002,0,,0,2018-06-13 12:35:50.607,10001,10001,3,2018-06-13 12:35:50.607,6335,3707
,5912.0,3,cc:3801,1,4,,0,2018-06-14 04:30:18.730,10001,10001,2,2018-06-14 05:00:00.504,6412,3801
,5914.0,3,cc:3802,1,3,,0,2018-06-14 05:18:15.662,10001,10001,3,2018-06-14 05:45:05.155,6413,3802
,5915.0,3,cc:3803,1,2,,0,2018-06-14 05:18:59.490,10001,10001,2,2018-06-14 05:30:00.712,6413,3803
,5917.0,3,cc:3804,1,2,,0,2018-06-14 11:51:52.733,10001,10001,2,2018-06-14 12:30:00.426,6424,3804
,5920.0,3,cc:3805,10002,3,,0,2018-06-14 12:08:49.281,10001,10001,3,2018-06-14 12:45:38.576,6427,3805
,5918.0,3,cc:3806,10002,3,,0,2018-06-14 12:38:52.494,10001,10001,3,2018-06-14 12:59:22.412,6425,3806
,5921.0,3,cc:3807,10002,0,,0,2018-06-14 13:05:11.159,10001,10001,3,2018-06-14 13:05:11.159,6425,3807
,5924.0,3,cc:3808,1,0,,0,2018-06-14 14:16:54.216,10001,10001,3,2018-06-14 14:16:54.216,6431,3808
,5931.0,3,cc:3809,1,0,,0,2018-06-15 12:27:45.778,10001,10001,3,2018-06-15 12:27:45.778,6429,3809
,6013.0,3,cc:3901,1,2,,0,2018-06-18 07:35:20.798,10001,10001,2,2018-06-18 07:43:13.593,6513,3901
,6010.0,3,cc:3902,1,2,,0,2018-06-18 07:40:52.493,10001,10001,2,2018-06-18 07:43:14.035,6508,3902
,6007.0,3,cc:3903,1,2,,0,2018-06-18 12:32:17.068,10001,10001,2,2018-06-18 13:00:01.104,6505,3903
,6016.0,3,cc:3904,1,2,,0,2018-06-18 12:33:55.030,10001,10001,2,2018-06-18 13:00:01.656,6505,3904
,6017.0,3,cc:3905,1,2,,0,2018-06-18 12:34:29.832,10001,10001,2,2018-06-18 13:00:01.435,6505,3905
,6018.0,3,cc:3906,1,0,,0,2018-06-18 12:37:30.211,10001,10001,3,2018-06-18 12:37:30.211,6505,3906
,6019.0,3,cc:3907,10002,0,,0,2018-06-18 12:43:23.880,10001,10001,3,2018-06-18 12:43:23.880,6505,3907
,6023.0,3,cc:3908,1,3,,0,2018-06-18 12:46:47.952,10001,10001,3,2018-06-18 12:53:38.664,6511,3908
,6022.0,3,cc:3909,1,2,,0,2018-06-18 12:47:00.086,10001,10001,3,2018-06-18 12:53:43.510,6511,3909
,6021.0,3,cc:3910,1,2,,0,2018-06-18 12:47:12.036,10001,10001,3,2018-06-18 12:53:48.597,6511,3910
,6020.0,3,cc:3911,1,2,,0,2018-06-18 12:47:25.176,10001,10001,3,2018-06-18 12:53:52.814,6511,3911
,6024.0,3,cc:3912,1,1,,0,2018-06-18 13:13:02.487,10001,10001,3,2018-06-18 19:01:30.171,6512,3912
,6026.0,3,cc:3913,1,0,,0,2018-06-18 13:58:29.931,10001,10001,3,2018-06-18 13:58:29.931,6520,3913
,6030.0,3,cc:3914,1,2,,0,2018-06-18 15:06:01.838,10001,10001,3,2018-06-18 15:25:49.421,6528,3914
,6039.0,3,cc:3915,10002,1,,0,2018-06-18 20:58:24.946,10001,10001,2,2018-06-18 20:58:41.460,6512,3915
,6055.0,3,cc:3916,1,0,,0,2018-06-18 22:07:51.310,10001,10001,3,2018-06-18 22:07:51.310,6548,3916
,6201.0,3,cc:4001,1,5,,0,2018-06-19 13:26:02.337,10001,10001,2,2018-06-19 14:00:01.382,6701,4001
,6310.0,3,cc:4101,1,1,,0,2018-06-20 06:40:59.924,10001,10001,3,2018-06-20 06:44:43.147,6809,4101
,6311.0,3,cc:4102,1,1,,0,2018-06-20 06:41:34.330,10001,10001,3,2018-06-20 06:46:19.716,6809,4102
,6314.0,3,cc:4103,1,0,,0,2018-06-20 13:14:06.339,10001,10001,3,2018-06-20 13:14:06.339,6817,4103
,6406.0,3,cc:4201,1,2,,0,2018-06-21 12:07:18.845,10001,10001,3,2018-06-21 12:09:19.397,6901,4201
,6501.0,3,cc:4301,10002,2,,0,2018-06-22 06:17:11.503,10001,10001,2,2018-06-22 06:30:00.429,7002,4301
,6503.0,3,cc:4302,1,2,,0,2018-06-22 16:33:31.703,10001,10001,2,2018-06-22 18:30:00.402,7004,4302
,6505.0,3,cc:4303,1,2,,0,2018-06-22 18:03:34.969,10001,10001,2,2018-06-22 18:30:00.957,7004,4303
,6508.0,3,cc:4304,1,0,,0,2018-06-22 18:36:44.737,10001,10001,3,2018-06-22 18:36:44.737,7007,4304
,6509.0,3,cc:4305,1,6,,0,2018-06-22 19:28:12.769,10001,10001,2,2018-06-22 20:00:00.809,7008,4305
,6510.0,3,cc:4306,1,3,,0,2018-06-22 19:43:34.387,10001,10001,2,2018-06-22 20:00:00.596,7008,4306
,6513.0,3,cc:4307,1,2,,0,2018-06-22 20:10:29.901,10001,10001,2,2018-06-22 20:30:00.275,7010,4307
,6514.0,3,cc:4308,1,2,,0,2018-06-22 20:20:01.733,10001,10001,2,2018-06-22 20:30:00.465,7011,4308
,6515.0,3,cc:4309,1,3,,0,2018-06-22 20:28:28.982,10001,10001,2,2018-06-22 20:30:00.618,7011,4309
,6603.0,3,cc:4401,1,0,,0,2018-06-25 13:13:53.202,10001,10001,3,2018-06-25 13:13:53.202,7107,4401
,6605.0,3,cc:4402,1,1,,0,2018-06-25 14:05:26.575,10001,10001,3,2018-06-25 14:06:51.523,7109,4402
,6606.0,3,cc:4403,1,1,,0,2018-06-25 14:09:37.831,10001,10001,3,2018-06-25 14:10:39.660,7110,4403
,6516.0,3,cc:4404,1,3,,0,2018-06-25 14:12:24.490,10001,10001,2,2018-06-25 14:30:00.672,7011,4404
,6611.0,3,cc:4405,1,3,,0,2018-06-25 15:49:45.669,10001,10001,2,2018-06-25 16:00:00.261,7114,4405
,6612.0,3,cc:4406,1,2,,0,2018-06-25 15:53:51.807,10001,10001,2,2018-06-25 16:00:00.424,7114,4406
,6613.0,3,cc:4407,1,3,,0,2018-06-25 16:28:19.543,10001,10001,2,2018-06-25 17:00:00.522,7114,4407
,6708.0,3,cc:4501,10002,2,,0,2018-06-26 11:25:10.447,10001,10001,2,2018-06-26 11:30:00.495,7210,4501
,6621.0,3,cc:4502,1,5,,0,2018-06-26 12:49:59.682,10001,10001,3,2018-06-26 18:52:03.280,7120,4502
,6622.0,3,cc:4503,1,6,,0,2018-06-26 12:49:59.682,10001,10001,3,2018-06-27 17:15:56.318,7120,4503
,6623.0,3,cc:4504,1,3,,0,2018-06-26 12:49:59.682,10001,10001,3,2018-06-26 18:51:55.968,7120,4504
,6624.0,3,cc:4505,10002,5,,0,2018-06-26 12:49:59.682,10001,10001,3,2018-06-26 18:51:52.012,7120,4505
,6625.0,3,cc:4506,10002,3,,0,2018-06-26 12:49:59.682,10001,10001,3,2018-06-26 18:51:48.701,7120,4506
,6626.0,3,cc:4507,10002,3,,0,2018-06-26 12:49:59.682,10001,10001,3,2018-06-26 18:51:43.404,7120,4507
,6723.0,3,cc:4508,1,3,,0,2018-06-27 19:13:15.152,10001,10001,3,2018-06-27 19:39:32.864,7229,4508
,6724.0,3,cc:4509,1,5,,0,2018-06-27 20:27:23.768,10001,10001,2,2018-06-28 14:30:00.806,7229,4509
,6803.0,3,cc:4601,1,4,,0,2018-06-28 12:01:32.196,10001,10001,3,2018-07-02 08:12:33.937,7310,4601
,6804.0,3,cc:4602,1,2,,0,2018-06-28 12:02:08.222,10001,10001,2,2018-07-02 08:00:00.408,7310,4602
,6805.0,3,cc:4603,1,0,,0,2018-06-28 16:08:22.566,10001,10001,3,2018-06-28 16:08:22.566,7319,4603
,6807.0,3,cc:4604,1,2,,0,2018-06-28 16:41:35.843,10001,10001,2,2018-06-28 17:00:00.735,7321,4604
,6617.0,3,cc:4605,1,0,,0,2018-06-28 18:04:12.944,10001,10001,3,2018-06-28 18:04:12.944,7116,4605
,6817.0,3,cc:4606,1,1,,0,2018-06-28 18:33:43.846,10001,10001,3,2018-06-28 18:39:43.269,7329,4606
,6818.0,3,cc:4607,1,0,,0,2018-06-28 18:34:22.212,10001,10001,3,2018-06-28 18:34:22.212,7329,4607
,6819.0,3,cc:4608,1,1,,0,2018-06-28 18:34:43.020,10001,10001,3,2018-06-28 18:41:07.560,7329,4608
,6820.0,3,cc:4609,1,0,,0,2018-06-28 18:40:17.243,10001,10001,3,2018-06-28 18:40:17.243,7330,4609
,6821.0,3,cc:4610,1,0,,0,2018-06-28 18:41:08.722,10001,10001,3,2018-06-28 18:41:08.722,7330,4610
,6822.0,3,cc:4611,1,0,,0,2018-06-28 18:41:21.505,10001,10001,3,2018-06-28 18:41:21.505,7330,4611
,6823.0,3,cc:4612,1,2,,0,2018-06-28 18:57:46.441,10001,10001,2,2018-06-28 19:00:01.038,7331,4612
,6824.0,3,cc:4613,1,2,,0,2018-06-28 18:58:02.096,10001,10001,2,2018-06-28 19:00:01.303,7331,4613
,6825.0,3,cc:4614,1,1,,0,2018-06-28 18:58:14.806,10001,10001,3,2018-06-28 18:59:11.023,7331,4614
,6810.0,3,cc:4615,1,2,,0,2018-06-28 19:24:21.923,10001,10001,2,2018-06-28 19:30:00.459,7323,4615
,6902.0,3,cc:4701,1,2,,0,2018-06-29 07:00:39.108,10001,10001,2,2018-06-29 07:02:04.912,7402,4701
,7004.0,3,cc:4802,1,1,,0,2018-07-02 15:00:25.094,10001,10001,3,2018-07-02 15:08:33.398,7503,4802
,7005.0,3,cc:4803,1,1,,0,2018-07-02 15:00:55.854,10001,10001,3,2018-07-23 12:56:36.343,7503,4803
,7006.0,3,cc:4804,1,0,,0,2018-07-02 15:01:19.076,10001,10001,3,2018-07-02 15:01:19.076,7503,4804
,7007.0,3,cc:4805,10002,0,,0,2018-07-02 16:23:28.313,10001,10001,3,2018-07-02 16:23:28.313,7507,4805
,7104.0,3,cc:4901,1,0,,0,2018-07-03 11:17:46.275,10001,10001,3,2018-07-03 11:17:46.275,7418,4901
,7121.0,3,cc:4902,1,2,,0,2018-07-05 09:37:54.743,10001,10001,2,2018-07-05 09:59:46.207,7617,4902
,7122.0,3,cc:4903,1,1,,0,2018-07-05 09:38:39.251,10001,10001,3,2018-07-05 12:56:53.750,7617,4903
,7124.0,3,cc:4904,1,0,,0,2018-07-05 09:39:23.599,10001,10001,3,2018-07-05 09:39:23.599,7617,4904
,7125.0,3,cc:4905,1,0,,0,2018-07-05 09:39:46.101,10001,10001,3,2018-07-05 09:39:46.101,7617,4905
,7201.0,3,cc:5001,10002,0,,0,2018-07-09 08:27:53.141,10001,10001,3,2018-07-09 08:27:53.141,7707,5001
,7203.0,3,cc:5002,1,0,,0,2018-07-09 09:46:49.923,10001,10001,3,2018-07-09 09:46:49.923,7709,5002
,7202.0,3,cc:5003,1,2,,0,2018-07-09 09:48:29.188,10001,10001,2,2018-07-09 10:12:38.375,7708,5003
,7204.0,3,cc:5004,1,0,,0,2018-07-09 09:48:59.604,10001,10001,3,2018-07-09 09:48:59.604,7708,5004
,7205.0,3,cc:5005,1,3,,0,2018-07-09 09:49:25.744,10001,10001,2,2018-07-09 12:13:01.361,7708,5005
,7206.0,3,cc:5006,1,0,,0,2018-07-09 09:49:42.148,10001,10001,3,2018-07-09 09:49:42.148,7708,5006
,7210.0,3,cc:5007,1,0,,0,2018-07-09 11:30:37.180,10001,10001,3,2018-07-09 11:30:37.180,7713,5007
,7212.0,3,cc:5008,10002,1,,0,2018-07-09 12:11:34.924,10001,10001,3,2018-07-09 12:20:13.728,7714,5008
,7115.0,3,cc:5009,1,0,,0,2018-07-10 13:08:59.371,10001,10001,3,2018-07-10 13:08:59.371,7610,5009
,7271.0,3,cc:5010,10002,1,,0,2018-07-11 07:36:44.155,10001,10001,3,2018-07-11 07:37:56.490,7779,5010
,7274.0,3,cc:5011,10002,1,,0,2018-07-11 07:49:37.105,10001,10001,3,2018-07-11 07:52:50.528,7780,5011
,7275.0,3,cc:5012,10002,2,,0,2018-07-11 08:02:07.221,10001,10001,2,2018-07-11 08:45:54.060,7781,5012
,7276.0,3,cc:5013,10002,0,,0,2018-07-11 08:58:20.278,10001,10001,3,2018-07-11 08:58:20.278,7782,5013
,7278.0,3,cc:5014,1,0,,0,2018-07-11 09:44:34.925,10001,10001,3,2018-07-11 09:44:34.925,7783,5014
,7281.0,3,cc:5015,1,1,,0,2018-07-11 10:23:36.031,10001,10001,3,2018-07-11 10:27:03.379,7784,5015
,7279.0,3,cc:5016,1,2,,0,2018-07-11 10:30:41.427,10001,10001,2,2018-07-11 10:58:55.815,7785,5016
,7280.0,3,cc:5017,1,0,,0,2018-07-11 10:30:59.292,10001,10001,3,2018-07-11 10:30:59.292,7785,5017
,7282.0,3,cc:5018,10001,1,,0,2018-07-11 11:11:56.724,10001,10001,3,2018-07-11 11:14:10.518,7789,5018
,7283.0,3,cc:5019,1,0,,0,2018-07-11 12:06:40.866,10001,10001,3,2018-07-11 12:06:40.866,7796,5019
,7284.0,3,cc:5020,1,1,,0,2018-07-11 12:19:36.273,10001,10001,3,2018-07-11 12:21:15.001,7797,5020
,7285.0,3,cc:5021,1,0,,0,2018-07-11 12:19:36.273,10001,10001,3,2018-07-11 12:19:36.273,7797,5021
,7286.0,3,cc:5022,1,2,,0,2018-07-11 12:31:36.000,10001,10001,3,2018-07-11 13:45:41.608,7799,5022
,7288.0,3,cc:5023,1,0,,0,2018-07-11 13:12:43.587,10001,10001,3,2018-07-11 13:12:43.587,7802,5023
,7208.0,3,cc:5024,1,0,,0,2018-07-11 14:46:00.798,10001,10001,3,2018-07-11 14:46:00.798,7711,5024
,7289.0,3,cc:5101,1,2,,0,2018-07-12 07:19:30.776,10001,10001,2,2018-07-12 07:26:28.352,7805,5101
,7303.0,3,cc:5201,1,1,,0,2018-07-12 14:39:33.263,10001,10001,3,2018-07-12 14:41:05.716,7907,5201
,7304.0,3,cc:5202,1,1,,0,2018-07-12 15:03:26.903,10001,10001,3,2018-07-12 15:04:45.072,7909,5202
,7307.0,3,cc:5203,1,1,,0,2018-07-13 06:10:21.835,10001,10001,3,2018-07-13 06:12:00.672,7915,5203
,7309.0,3,cc:5204,1,1,,0,2018-07-13 08:14:00.832,10001,10001,3,2018-07-13 08:21:11.801,7920,5204
,7311.0,3,cc:5205,1,0,,0,2018-07-13 09:20:47.474,10001,10001,3,2018-07-13 09:20:47.474,7923,5205
,7313.0,3,cc:5206,1,1,,0,2018-07-13 09:43:01.858,10001,10001,3,2018-07-13 09:44:06.117,7925,5206
,7290.0,3,cc:5207,1,2,,0,2018-07-13 10:56:40.877,10001,10001,2,2018-07-13 11:00:58.318,7806,5207
,7291.0,3,cc:5208,1,0,,0,2018-07-13 10:57:04.313,10001,10001,3,2018-07-13 10:57:04.313,7806,5208
,7317.0,3,cc:5209,1,3,,0,2018-07-13 14:02:26.396,10001,10001,3,2018-07-31 10:07:06.190,7807,5209
,7320.0,3,cc:5210,1,6,,0,2018-07-16 09:25:19.663,10001,10001,2,2018-07-16 11:32:59.333,7935,5210
,7321.0,3,cc:5211,1,2,,0,2018-07-16 09:25:39.668,10001,10001,2,2018-07-20 07:31:47.328,7935,5211
,7340.0,3,cc:5212,1,2,,0,2018-07-16 12:35:10.477,10001,10001,2,2018-07-16 13:00:00.835,7977,5212
,7343.0,3,cc:5213,1,1,,0,2018-07-16 13:56:16.694,10001,10001,3,2018-07-16 13:58:30.562,7986,5213
,7344.0,3,cc:5214,1,1,,0,2018-07-16 14:06:34.852,10001,10001,3,2018-07-16 14:08:32.149,7988,5214
,7401.0,3,cc:5301,1,4,,0,2018-07-17 07:13:51.613,10001,10001,3,2018-07-17 14:55:41.186,8001,5301
,7402.0,3,cc:5302,1,3,,0,2018-07-17 07:14:10.507,10001,10001,3,2018-07-17 08:03:28.745,8001,5302
,7404.0,3,cc:5303,1,1,,0,2018-07-17 11:45:37.728,10001,10001,3,2018-07-17 12:35:21.663,8006,5303
,7405.0,3,cc:5304,1,0,,0,2018-07-17 11:52:00.447,10001,10001,3,2018-07-17 11:52:00.447,8008,5304
,7406.0,3,cc:5305,1,2,,0,2018-07-17 11:53:06.816,10001,10001,2,2018-07-17 12:06:40.749,8007,5305
,7407.0,3,cc:5306,1,0,,0,2018-07-17 11:53:25.081,10001,10001,3,2018-07-17 11:53:25.081,8007,5306
,7409.0,3,cc:5307,1,4,,0,2018-07-17 14:13:27.302,10001,10001,3,2018-07-18 05:55:55.771,8012,5307
,7411.0,3,cc:5308,1,4,,0,2018-07-17 14:23:18.581,10001,10001,3,2018-07-18 06:14:43.514,8012,5308
,7414.0,3,cc:5309,1,1,,0,2018-07-17 15:07:35.907,10001,10001,3,2018-07-17 15:09:37.174,8017,5309
,7420.0,3,cc:5310,1,2,,0,2018-07-18 06:48:41.232,10001,10001,2,2018-07-18 06:51:30.850,8021,5310
,7421.0,3,cc:5311,1,0,,0,2018-07-18 06:49:03.996,10001,10001,3,2018-07-18 06:49:03.996,8021,5311
,7422.0,3,cc:5312,1,3,,0,2018-07-18 08:54:15.227,10001,10001,3,2018-07-18 09:49:09.687,8022,5312
,7423.0,3,cc:5313,1,4,,0,2018-07-18 08:54:36.592,10001,10001,2,2018-07-18 09:35:36.181,8022,5313
,7424.0,3,cc:5314,1,4,,0,2018-07-18 08:55:06.312,10001,10001,3,2018-07-18 09:16:56.418,8022,5314
,7425.0,3,cc:5315,1,0,,0,2018-07-18 08:55:22.499,10001,10001,3,2018-07-18 08:55:22.499,8022,5315
,7427.0,3,cc:5316,1,4,,0,2018-07-18 11:15:03.434,10001,10001,3,2018-07-18 11:41:40.191,8024,5316
,7428.0,3,cc:5317,1,3,,0,2018-07-18 11:15:18.603,10001,10001,2,2018-07-18 11:36:55.217,8024,5317
,7429.0,3,cc:5318,1,3,,0,2018-07-18 11:15:37.836,10001,10001,2,2018-07-18 11:48:07.914,8024,5318
,7430.0,3,cc:5319,1,0,,0,2018-07-18 11:15:52.594,10001,10001,3,2018-07-18 11:15:52.594,8024,5319
,7501.0,3,cc:5401,1,2,,0,2018-07-19 07:26:51.135,10001,10001,2,2018-07-19 07:34:34.789,8101,5401
,7502.0,3,cc:5402,1,2,,0,2018-07-19 07:27:06.671,10001,10001,2,2018-07-19 08:58:59.229,8101,5402
,7503.0,3,cc:5403,1,3,,0,2018-07-19 07:27:23.268,10001,10001,2,2018-07-19 07:34:35.243,8101,5403
,7603.0,3,cc:5501,1,3,,0,2018-07-20 11:16:47.230,10001,10001,3,2018-07-20 12:28:06.493,8206,5501
,7604.0,3,cc:5502,1,2,,0,2018-07-20 11:17:00.376,10001,10001,2,2018-07-20 12:30:53.994,8206,5502
,7609.0,3,cc:5503,1,0,,0,2018-07-23 08:10:17.022,10001,10001,3,2018-07-23 08:10:17.022,8219,5503
,7610.0,3,cc:5504,1,2,,0,2018-07-23 08:11:45.366,10001,10001,2,2018-07-23 08:30:00.465,8219,5504
,7612.0,3,cc:5505,1,2,,0,2018-07-23 11:52:12.755,10001,10001,2,2018-07-25 07:41:10.540,8223,5505
,7613.0,3,cc:5506,1,2,,0,2018-07-23 12:10:36.266,10001,10001,2,2018-07-23 12:14:25.692,8224,5506
,7614.0,3,cc:5507,1,3,,0,2018-07-23 13:21:09.997,10001,10001,3,2018-07-23 14:31:42.502,8225,5507
,7615.0,3,cc:5508,1,0,,0,2018-07-23 13:26:04.427,10001,10001,3,2018-07-23 13:26:04.427,8225,5508
,7616.0,3,cc:5509,1,3,,0,2018-07-23 13:26:23.752,10001,10001,2,2018-07-23 14:33:28.234,8225,5509
,7617.0,3,cc:5510,1,3,,0,2018-07-23 13:26:40.538,10001,10001,2,2018-07-23 14:33:28.489,8225,5510
,7704.0,3,cc:5601,1,2,,0,2018-07-24 07:36:25.693,10001,10001,2,2018-07-24 08:00:00.839,8306,5601
,7705.0,3,cc:5602,1,2,,0,2018-07-24 07:36:44.354,10001,10001,2,2018-07-24 08:01:30.018,8306,5602
,7706.0,3,cc:5603,1,2,,0,2018-07-24 10:23:03.001,10001,10001,2,2018-07-24 10:38:38.417,8307,5603
,7707.0,3,cc:5604,1,2,,0,2018-07-24 10:23:21.646,10001,10001,2,2018-07-24 10:38:39.025,8307,5604
,7708.0,3,cc:5605,1,3,,0,2018-07-24 10:23:38.887,10001,10001,2,2018-07-24 10:41:17.101,8307,5605
,7709.0,3,cc:5606,1,3,,0,2018-07-24 10:24:08.160,10001,10001,2,2018-07-24 10:41:17.382,8307,5606
,7802.0,3,cc:5701,1,0,,0,2018-07-25 13:20:38.956,10001,10001,3,2018-07-25 13:20:38.956,8434,5701
,7811.0,3,cc:5702,1,2,,0,2018-07-26 15:17:42.841,10001,10001,2,2018-07-26 15:20:20.836,8499,5702
,7813.0,3,cc:5703,1,2,,0,2018-07-26 15:26:05.659,10001,10001,2,2018-07-26 15:30:00.318,8499,5703
,7904.0,3,cc:5801,1,3,,0,2018-07-27 12:21:50.030,10001,10001,2,2018-07-27 12:59:46.396,8627,5801
,7905.0,3,cc:5802,1,2,,0,2018-07-27 12:42:30.689,10001,10001,2,2018-07-27 12:59:46.804,8628,5802
,7907.0,3,cc:5803,1,4,,0,2018-07-27 12:43:05.809,10001,10001,2,2018-07-27 12:59:47.149,8628,5803
,7910.0,3,cc:5804,1,2,,0,2018-07-27 14:17:26.340,10001,10001,2,2018-07-27 14:32:25.707,8630,5804
,7911.0,3,cc:5805,1,2,,0,2018-07-27 14:17:43.345,10001,10001,2,2018-07-27 14:32:26.056,8630,5805
,7912.0,3,cc:5806,1,4,,0,2018-07-27 14:18:23.508,10001,10001,2,2018-07-27 14:32:26.318,8630,5806
,7906.0,3,cc:5901,1,3,,0,2018-07-30 09:31:46.490,10001,10001,2,2018-07-30 09:39:40.162,8628,5901
,7913.0,3,cc:5902,1,3,,0,2018-07-30 10:06:46.297,10001,10001,2,2018-07-30 10:08:49.442,8630,5902
,8101.0,3,cc:6001,1,3,,0,2018-07-31 09:55:09.778,10001,10001,2,2018-07-31 10:02:37.505,7807,6001
,8102.0,3,cc:6002,1,3,,0,2018-07-31 09:56:20.897,10001,10001,2,2018-07-31 10:10:12.031,7807,6002
,7292.0,3,cc:6003,1,2,,0,2018-07-31 10:00:55.916,10001,10001,2,2018-07-31 10:05:14.555,7807,6003
,8103.0,3,cc:6004,1,3,,0,2018-07-31 11:51:20.667,10001,10001,3,2018-07-31 11:56:09.562,8916,6004
,8104.0,3,cc:6005,1,2,,0,2018-07-31 11:51:43.639,10001,10001,2,2018-07-31 11:58:17.099,8916,6005
,8106.0,3,cc:6006,1,0,,0,2018-07-31 11:52:31.518,10001,10001,3,2018-07-31 11:52:31.518,8916,6006
,8201.0,3,cc:6101,1,0,,0,2018-07-31 16:41:08.495,10001,10001,3,2018-07-31 16:41:08.495,9001,6101
,8203.0,3,cc:6102,1,6,,0,2018-07-31 17:06:59.711,10001,10001,2,2018-07-31 20:49:36.895,9001,6102
,8206.0,3,cc:6103,10002,0,,0,2018-07-31 21:06:04.072,10001,10001,3,2018-07-31 21:06:04.072,8702,6103
,8211.0,3,cc:6201,1,3,,0,2018-08-02 06:10:06.624,10001,10001,3,2018-08-02 06:28:02.280,9009,6201
,8212.0,3,cc:6202,1,2,,0,2018-08-02 06:10:24.177,10001,10001,2,2018-08-02 06:30:14.311,9009,6202
,8213.0,3,cc:6203,1,8,,0,2018-08-02 06:10:51.038,10001,10001,3,2018-08-03 07:32:45.622,9009,6203
,8214.0,3,cc:6204,1,3,,0,2018-08-02 06:11:04.618,10001,10001,2,2018-08-02 08:09:31.403,9009,6204
,8308.0,3,cc:6205,1,3,,0,2018-08-02 09:05:36.968,10001,10001,3,2018-08-02 09:08:25.999,9112,6205
,8309.0,3,cc:6206,1,3,,0,2018-08-02 09:05:52.075,10001,10001,3,2018-08-02 09:11:11.081,9112,6206
,8310.0,3,cc:6207,1,5,,0,2018-08-02 09:06:05.989,10001,10001,3,2018-08-02 12:00:32.548,9112,6207
,8311.0,3,cc:6208,1,0,,0,2018-08-02 09:15:03.567,10001,10001,3,2018-08-02 09:15:03.567,9112,6208
,8313.0,3,cc:6209,1,0,,0,2018-08-02 10:31:29.550,10001,10001,3,2018-08-02 10:31:29.550,9117,6209
,8404.0,3,cc:6301,1,0,,0,2018-08-03 05:48:49.776,10001,10001,3,2018-08-03 05:48:49.776,9211,6301
,8405.0,3,cc:6302,1,0,,0,2018-08-03 05:49:04.322,10001,10001,3,2018-08-03 05:49:04.322,9211,6302
,8406.0,3,cc:6303,1,3,,0,2018-08-03 05:49:19.529,10001,10001,3,2018-08-03 07:41:05.111,9211,6303
,8407.0,3,cc:6304,1,0,,0,2018-08-03 05:49:32.220,10001,10001,3,2018-08-03 05:49:32.220,9211,6304
,8408.0,3,cc:6305,1,0,,0,2018-08-03 06:16:30.743,10001,10001,3,2018-08-03 06:16:30.743,9215,6305
,8409.0,3,cc:6306,1,0,,0,2018-08-03 06:16:47.886,10001,10001,3,2018-08-03 06:16:47.886,9215,6306
,8410.0,3,cc:6307,1,0,,0,2018-08-03 06:17:04.237,10001,10001,3,2018-08-03 06:17:04.237,9215,6307
,8411.0,3,cc:6308,1,0,,0,2018-08-03 06:17:18.631,10001,10001,3,2018-08-03 06:17:18.631,9215,6308
,8412.0,3,cc:6309,1,0,,0,2018-08-03 10:13:35.031,10001,10001,3,2018-08-03 10:13:35.031,9221,6309
,8413.0,3,cc:6310,1,0,,0,2018-08-03 10:13:49.244,10001,10001,3,2018-08-03 10:13:49.244,9221,6310
,8414.0,3,cc:6311,1,0,,0,2018-08-03 10:14:03.435,10001,10001,3,2018-08-03 10:14:03.435,9221,6311
,8415.0,3,cc:6312,1,4,,0,2018-08-03 10:14:17.251,10001,10001,3,2018-08-03 10:25:28.694,9221,6312
,8417.0,3,cc:6313,1,2,,0,2018-08-03 10:42:35.511,10001,10001,2,2018-08-03 11:00:00.457,9229,6313
,8419.0,3,cc:6314,1,3,,0,2018-08-03 13:09:08.079,10001,10001,3,2018-08-03 13:11:38.987,9235,6314
,8303.0,3,cc:6315,1,2,,0,2018-08-03 13:31:08.568,10001,10001,2,2018-08-03 13:31:42.242,9103,6315
,8420.0,3,cc:6316,1,2,,0,2018-08-03 13:51:58.613,10001,10001,2,2018-08-03 14:08:15.020,9236,6316
,8421.0,3,cc:6317,1,2,,0,2018-08-03 13:52:12.908,10001,10001,2,2018-08-03 14:08:15.629,9236,6317
,8422.0,3,cc:6318,1,3,,0,2018-08-03 13:52:27.970,10001,10001,2,2018-08-03 14:09:55.694,9236,6318
,8423.0,3,cc:6319,1,3,,0,2018-08-03 13:52:41.774,10001,10001,2,2018-08-03 14:11:38.469,9236,6319
,8507.0,3,cc:6401,1,1,,0,2018-08-06 14:29:23.640,10001,10001,3,2018-08-06 21:09:22.361,9366,6401
,8508.0,3,cc:6402,1,0,,0,2018-08-06 14:29:40.505,10001,10001,3,2018-08-06 14:29:40.505,9366,6402
,8509.0,3,cc:6403,1,0,,0,2018-08-06 14:31:31.463,10001,10001,3,2018-08-06 14:31:31.463,9366,6403
,8510.0,3,cc:6404,1,0,,0,2018-08-06 14:31:48.951,10001,10001,3,2018-08-06 14:31:48.951,9366,6404
,8511.0,3,cc:6405,1,3,,0,2018-08-06 14:54:08.763,10001,10001,3,2018-08-09 06:42:10.744,9373,6405
,8512.0,3,cc:6406,1,2,,0,2018-08-06 14:54:25.729,10001,10001,2,2018-08-09 06:39:07.302,9373,6406
,8513.0,3,cc:6407,1,4,,0,2018-08-06 14:54:38.965,10001,10001,3,2018-08-09 06:49:49.298,9373,6407
,8514.0,3,cc:6408,1,4,,0,2018-08-06 14:54:51.419,10001,10001,3,2018-08-09 06:46:45.215,9373,6408
,8515.0,3,cc:6409,1,2,,0,2018-08-06 15:08:16.931,10001,10001,2,2018-08-06 15:17:41.661,9376,6409
,8516.0,3,cc:6410,1,2,,0,2018-08-06 15:08:30.563,10001,10001,2,2018-08-06 15:17:42.518,9376,6410
,8517.0,3,cc:6411,1,3,,0,2018-08-06 15:08:44.854,10001,10001,2,2018-08-06 15:17:43.372,9376,6411
,8518.0,3,cc:6412,1,3,,0,2018-08-06 15:08:56.668,10001,10001,2,2018-08-06 15:17:43.733,9376,6412
,8522.0,3,cc:6413,1,2,,0,2018-08-06 18:58:05.052,10001,10001,3,2018-08-06 19:32:21.851,9379,6413
,8521.0,3,cc:6414,1,1,,0,2018-08-06 19:12:01.998,10001,10001,3,2018-08-06 19:31:20.384,9379,6414
,8523.0,3,cc:6415,1,1,,0,2018-08-06 19:14:20.197,10001,10001,3,2018-08-06 19:31:20.384,9379,6415
,8519.0,3,cc:6416,1,8,,0,2018-08-06 19:53:45.114,10001,10001,3,2018-08-06 20:59:52.129,9377,6416
,8519.0,3,cc:6417,10002,1,,0,2018-08-06 20:03:12.738,10001,10001,3,2018-08-06 20:04:23.977,9377,6417
,8524.0,3,cc:6418,1,3,,0,2018-08-06 20:06:18.746,10001,10001,3,2018-08-06 20:54:27.828,9377,6418
,8525.0,3,cc:6419,1,4,,0,2018-08-06 20:10:40.938,10001,10001,3,2018-08-06 20:49:34.108,9377,6419
,8527.0,3,cc:6420,1,0,,0,2018-08-07 12:46:07.808,10001,10001,3,2018-08-07 12:46:07.808,9385,6420
,8602.0,3,cc:6501,1,2,,0,2018-08-08 13:05:48.602,10001,10001,2,2018-08-08 13:07:39.378,9404,6501
,8612.0,3,cc:6502,1,3,,0,2018-08-08 18:49:21.505,10001,10001,2,2018-08-08 19:22:51.343,9417,6502
,8701.0,3,cc:6601,10002,0,,0,2018-08-09 14:46:10.961,10001,10001,3,2018-08-09 14:46:10.961,9110,6601
,8702.0,3,cc:6602,10002,1,,0,2018-08-09 15:04:51.984,10001,10001,3,2018-08-09 15:08:05.570,9501,6602
,807.0,4,cc:6603,1,0,,0,2018-08-09 15:25:35.779,10001,10001,4,2018-08-09 15:25:35.779,906,6603
,8802.0,3,cc:6701,10002,0,,0,2018-08-10 09:32:03.594,10001,10001,3,2018-08-10 09:32:03.594,9604,6701
,8901.0,3,cc:6801,10002,0,,0,2018-08-13 09:55:28.547,10001,10001,3,2018-08-13 09:55:28.547,9701,6801
,8902.0,3,cc:6802,1,0,,0,2018-08-13 09:58:10.372,10001,10001,3,2018-08-13 09:58:10.372,9702,6802
,8906.0,3,cc:6803,1,1,,0,2018-08-13 18:25:03.990,10001,10001,144,2018-08-13 18:36:11.685,9709,6803
,8907.0,3,cc:6804,1,0,,0,2018-08-13 18:25:03.990,10001,10001,3,2018-08-13 18:25:03.990,9709,6804
,8908.0,3,cc:6805,1,0,,0,2018-08-13 20:11:02.060,10001,10001,3,2018-08-13 20:11:02.060,9710,6805
,8909.0,3,cc:6806,1,0,,0,2018-08-13 20:20:01.384,10001,10001,3,2018-08-13 20:20:01.384,9712,6806
,8911.0,3,cc:6807,1,1,,0,2018-08-13 20:27:24.689,10001,10001,144,2018-08-13 20:30:01.034,9714,6807
,8912.0,144,cc:6808,1,1,,0,2018-08-13 20:37:22.394,10001,10001,144,2018-08-13 20:38:35.471,9720,6808
,8913.0,144,cc:6809,1,1,,0,2018-08-13 20:42:02.750,10001,10001,144,2018-08-13 20:42:27.164,9723,6809
,8914.0,240,cc:6810,1,2,,0,2018-08-13 21:07:51.965,10001,10001,240,2018-08-13 21:14:21.536,9727,6810
,8915.0,240,cc:6811,1,0,,0,2018-08-13 21:38:50.138,10001,10001,240,2018-08-13 21:38:50.138,9734,6811
,8917.0,240,cc:6812,1,0,,0,2018-08-13 21:52:57.987,10001,10001,240,2018-08-13 21:52:57.987,9715,6812
,8918.0,240,cc:6813,1,0,,0,2018-08-13 21:55:05.650,10001,10001,240,2018-08-13 21:55:05.650,9713,6813
,8919.0,240,cc:6814,1,0,,0,2018-08-13 21:56:49.045,10001,10001,240,2018-08-13 21:56:49.045,9717,6814
,8921.0,240,cc:6815,1,0,,0,2018-08-13 22:03:02.504,10001,10001,240,2018-08-13 22:03:02.504,9719,6815
,8922.0,240,cc:6816,1,0,,0,2018-08-13 22:04:16.901,10001,10001,240,2018-08-13 22:04:16.901,9722,6816
,8923.0,240,cc:6817,1,0,,0,2018-08-13 22:09:06.044,10001,10001,240,2018-08-13 22:09:06.044,9729,6817
,8924.0,3,cc:6818,1,1,,0,2018-08-14 09:22:37.260,10001,10001,3,2018-08-14 09:23:16.470,9741,6818
,8925.0,240,cc:6819,1,1,,0,2018-08-14 13:42:32.586,10001,10001,240,2018-08-14 13:44:30.557,9714,6819
,8926.0,240,cc:6820,1,1,,0,2018-08-14 13:53:16.171,10001,10001,240,2018-08-14 13:53:57.775,9747,6820
,8927.0,3,cc:6821,1,1,,0,2018-08-14 15:14:33.998,10001,10001,3,2018-08-14 15:15:04.790,9750,6821
,9104.0,3,cc:6901,1,0,,0,2018-08-16 08:53:42.706,10001,10001,3,2018-08-16 08:53:42.706,9908,6901
,9105.0,3,cc:6902,1,0,,0,2018-08-16 08:58:32.501,10001,10001,3,2018-08-16 08:58:32.501,9910,6902
,9106.0,3,cc:6903,1,0,,0,2018-08-16 09:03:42.076,10001,10001,3,2018-08-16 09:03:42.076,9911,6903
,9107.0,3,cc:6904,1,0,,0,2018-08-16 09:14:44.897,10001,10001,3,2018-08-16 09:14:44.897,9913,6904
,9108.0,3,cc:6905,1,0,,0,2018-08-16 11:16:55.590,10001,10001,3,2018-08-16 11:16:55.590,9915,6905
,9109.0,3,cc:6906,1,0,,0,2018-08-16 11:17:12.946,10001,10001,3,2018-08-16 11:17:12.946,9915,6906
,9112.0,3,cc:6907,1,0,,0,2018-08-16 13:36:58.494,10001,10001,3,2018-08-16 13:36:58.494,9918,6907
,9113.0,3,cc:6908,1,0,,0,2018-08-16 13:38:31.664,10001,10001,3,2018-08-16 13:38:31.664,9918,6908
,9302.0,3,cc:7001,1,0,,0,2018-08-20 21:00:58.767,10001,10001,3,2018-08-20 21:00:58.767,10105,7001
,9309.0,3,cc:7002,1,0,,0,2018-08-21 07:56:44.969,10001,10001,3,2018-08-21 07:56:44.969,10115,7002
,9315.0,3,cc:7101,10002,0,,0,2018-08-22 06:54:15.376,10001,10001,3,2018-08-22 06:54:15.376,10124,7101
,9405.0,3,cc:7102,10002,0,,0,2018-08-22 07:27:05.047,10001,10001,3,2018-08-22 07:27:05.047,10138,7102
,9315.0,3,cc:7103,1,2,,0,2018-08-22 07:27:15.314,10001,10001,2,2018-08-28 07:34:47.744,10124,7103
,9406.0,3,cc:7104,10002,0,,0,2018-08-22 07:48:30.191,10001,10001,3,2018-08-22 07:48:30.191,10206,7104
,7331.0,3,cc:7105,10002,1,,0,2018-08-22 10:10:16.129,10001,10001,3,2018-08-22 11:22:46.503,7962,7105
,9413.0,3,cc:7106,1,2,,0,2018-08-22 14:46:26.660,10001,10001,2,2018-08-28 07:34:48.499,10220,7106
,9442.0,3,cc:7107,1,2,,0,2018-08-22 14:47:17.146,10001,10001,2,2018-08-28 07:34:48.878,10220,7107
,9413.0,3,cc:7108,10001,1,,0,2018-08-22 14:51:01.863,10001,10001,2,2018-08-28 07:34:49.145,10220,7108
,9443.0,3,cc:7109,10001,1,,0,2018-08-22 17:56:24.782,10001,10001,2,2018-08-28 07:34:49.485,10245,7109
,9444.0,3,cc:7110,1,0,,0,2018-08-22 18:24:24.572,10001,10001,3,2018-08-22 18:24:24.572,10248,7110
,9446.0,3,cc:7111,1,0,,0,2018-08-22 18:36:39.018,10001,10001,3,2018-08-22 18:36:39.018,10252,7111
,9447.0,3,cc:7112,1,0,,0,2018-08-22 18:38:26.277,10001,10001,3,2018-08-22 18:38:26.277,10253,7112
,9448.0,240,cc:7113,1,1,,0,2018-08-22 19:31:23.471,10001,10001,3,2018-08-22 19:43:16.737,10262,7113
,9449.0,3,cc:7114,1,0,,0,2018-08-22 19:34:51.764,10001,10001,3,2018-08-22 19:34:51.764,10263,7114
,9450.0,240,cc:7115,1,0,,0,2018-08-22 19:49:29.155,10001,10001,240,2018-08-22 19:49:29.155,10264,7115
,9451.0,240,cc:7116,1,0,,0,2018-08-22 19:51:33.530,10001,10001,240,2018-08-22 19:51:33.530,10265,7116
,9452.0,240,cc:7117,1,0,,0,2018-08-22 19:57:32.696,10001,10001,240,2018-08-22 19:57:32.696,10266,7117
,210.0,42,cc:1,1,0,,0,2018-02-14 11:52:33.639,10001,10001,42,2018-02-14 11:52:33.639,204,1
,401.0,42,cc:2,1,0,,0,2018-02-14 11:52:33.639,10001,10001,42,2018-02-14 11:52:33.639,204,2
,505.0,54,cc:101,1,0,,0,2018-02-19 12:26:30.463,10001,10001,54,2018-02-19 12:26:30.463,208,101
,506.0,54,cc:102,1,0,,0,2018-02-19 12:37:06.224,10001,10001,54,2018-02-19 12:37:06.224,508,102
,510.0,3,cc:103,10002,0,,0,2018-02-19 16:36:18.454,10001,10001,3,2018-02-19 16:36:18.454,518,103
,511.0,3,cc:104,10002,0,,0,2018-02-19 16:36:33.907,10001,10001,3,2018-02-19 16:36:33.907,518,104
,512.0,3,cc:105,1,3,,0,2018-02-19 16:36:48.593,10001,10001,2,2018-02-23 00:00:02.519,518,105
,513.0,3,cc:106,1,0,,0,2018-02-19 16:54:27.003,10001,10001,3,2018-02-19 16:54:27.003,509,106
,501.0,3,cc:107,1,0,,0,2018-02-19 17:00:24.061,10001,10001,3,2018-02-19 17:00:24.061,205,107
,514.0,3,cc:108,1,0,,0,2018-02-19 17:00:49.122,10001,10001,3,2018-02-19 17:00:49.122,205,108
,516.0,3,cc:109,1,2,,0,2018-02-19 18:13:32.160,10001,10001,2,2018-02-19 19:30:02.541,523,109
,518.0,3,cc:110,10002,14,,0,2018-02-19 18:13:45.550,10001,10001,2,2018-10-03 13:23:33.518,523,110
,517.0,3,cc:111,1,10,,0,2018-02-19 18:20:52.058,10001,10001,2,2018-04-30 00:00:01.562,523,111
,518.0,3,cc:112,1,1,,0,2018-02-19 19:46:22.283,10001,10001,3,2018-02-19 19:58:33.024,523,112
,519.0,3,cc:113,1,2,,0,2018-02-19 20:46:29.863,10001,10001,2,2018-02-19 21:00:02.974,527,113
,520.0,3,cc:114,1,2,,0,2018-02-19 20:49:56.696,10001,10001,2,2018-02-19 21:00:03.130,527,114
,521.0,3,cc:115,1,2,,0,2018-02-19 20:51:58.392,10001,10001,2,2018-02-19 21:00:03.287,527,115
,510.0,3,cc:116,10001,1,,0,2018-02-19 22:10:41.050,10001,10001,2,2018-02-19 22:30:02.548,518,116
,511.0,3,cc:117,10001,1,,0,2018-02-19 22:12:59.793,10001,10001,2,2018-02-19 22:30:02.814,518,117
,214.0,3,cc:118,1,0,,0,2018-02-20 07:47:07.350,10001,10001,3,2018-02-20 07:47:07.350,208,118
,522.0,3,cc:119,1,0,,0,2018-02-20 07:51:25.603,10001,10001,3,2018-02-20 07:51:25.603,503,119
,524.0,3,cc:120,1,0,,0,2018-02-20 15:21:36.512,10001,10001,3,2018-02-20 15:21:36.512,527,120
,518.0,98,cc:121,10001,0,,0,2018-02-20 16:04:38.681,10001,10001,98,2018-02-20 16:04:38.681,523,121
,525.0,3,cc:122,1,5,,0,2018-02-20 16:13:01.543,10001,10001,3,2018-02-22 16:56:42.924,540,122
,527.0,3,cc:123,1,1,,0,2018-02-20 16:13:16.214,10001,10001,3,2018-02-20 21:23:29.801,540,123
,526.0,3,cc:124,10002,0,,0,2018-02-20 16:13:39.948,10001,10001,3,2018-02-20 16:13:39.948,540,124
,525.0,3,cc:125,10001,1,,0,2018-02-20 16:14:40.850,10001,10001,2,2018-02-20 16:30:02.596,540,125
,526.0,3,cc:126,10001,1,,0,2018-02-20 16:23:47.226,10001,10001,2,2018-02-20 16:30:02.815,540,126
,527.0,3,cc:127,10001,1,,0,2018-02-20 16:36:53.370,10001,10001,2,2018-02-20 17:00:02.995,540,127
,523.0,3,cc:128,1,0,,0,2018-02-20 16:45:10.936,10001,10001,3,2018-02-20 16:45:10.936,537,128
,526.0,3,cc:129,1,2,,0,2018-02-20 18:43:11.009,10001,10001,3,2018-02-23 15:45:52.685,540,129
,523.0,3,cc:130,10002,0,,0,2018-02-20 19:47:04.421,10001,10001,3,2018-02-20 19:47:04.421,537,130
,804.0,3,cc:201,1,0,,0,2018-02-22 12:11:23.348,10001,10001,3,2018-02-22 12:11:23.348,903,201
,530.0,3,cc:202,1,2,,0,2018-02-22 17:00:51.457,10001,10001,2,2018-02-22 17:30:02.515,544,202
,1017.0,3,cc:301,1,0,,0,2018-02-23 13:19:13.820,10001,10001,3,2018-02-23 13:19:13.820,1114,301
,1011.0,3,cc:302,1,0,,0,2018-02-23 13:28:35.284,10001,10001,3,2018-02-23 13:28:35.284,1109,302
,1010.0,3,cc:303,1,0,,0,2018-02-23 13:30:29.203,10001,10001,3,2018-02-23 13:30:29.203,1109,303
,1019.0,3,cc:304,1,1,,0,2018-02-23 13:45:06.370,10001,10001,3,2018-02-23 15:34:18.396,1116,304
,1023.0,3,cc:305,1,0,,0,2018-02-26 06:14:22.778,10001,10001,3,2018-02-26 06:14:22.778,1120,305
,211.0,3,cc:306,1,9,,0,2018-02-26 07:05:27.904,10001,10001,2,2018-02-26 07:30:02.697,206,306
,820.0,3,cc:401,1,1,,0,2018-02-26 10:35:00.520,10001,10001,3,2018-02-26 10:37:36.089,922,401
,1021.0,3,cc:402,1,0,,0,2018-02-26 10:54:27.564,10001,10001,3,2018-02-26 10:54:27.564,1119,402
,1022.0,3,cc:403,1,0,,0,2018-02-26 10:55:02.203,10001,10001,3,2018-02-26 10:55:02.203,1119,403
,1102.0,3,cc:404,10002,1,,0,2018-02-26 11:15:08.077,10001,10001,3,2018-02-27 18:03:38.307,1205,404
,1103.0,3,cc:405,1,0,,0,2018-02-26 11:45:27.440,10001,10001,3,2018-02-26 11:45:27.440,1206,405
,1104.0,3,cc:406,1,3,,0,2018-02-26 11:46:24.140,10001,10001,3,2018-02-26 12:04:40.563,1206,406
,1106.0,3,cc:407,1,0,,0,2018-02-26 12:11:04.042,10001,10001,3,2018-02-26 12:11:04.042,1209,407
,1107.0,3,cc:408,1,0,,0,2018-02-26 12:46:01.362,10001,10001,3,2018-02-26 12:46:01.362,1211,408
,1108.0,3,cc:409,1,0,,0,2018-02-26 12:47:01.062,10001,10001,3,2018-02-26 12:47:01.062,1211,409
,1111.0,3,cc:410,1,2,,0,2018-02-26 13:41:27.099,10001,10001,2,2018-02-26 14:00:02.505,1215,410
,1112.0,3,cc:411,1,0,,0,2018-02-26 13:50:24.990,10001,10001,3,2018-02-26 13:50:24.990,1218,411
,1113.0,3,cc:412,1,0,,0,2018-02-26 13:55:36.832,10001,10001,3,2018-02-26 13:55:36.832,1220,412
,1114.0,3,cc:413,1,1,,0,2018-02-26 14:25:24.130,10001,10001,3,2018-02-26 23:21:47.006,1221,413
,1114.0,3,cc:501,10002,1,,0,2018-02-26 22:11:51.026,10001,10001,3,2018-02-26 23:23:08.705,1221,501
,1110.0,3,cc:502,1,0,,0,2018-02-26 23:26:35.906,10001,10001,3,2018-02-26 23:26:35.906,1214,502
,1202.0,3,cc:503,10002,0,,0,2018-02-27 06:43:13.466,10001,10001,3,2018-02-27 06:43:13.466,1302,503
,1204.0,3,cc:504,10002,0,,0,2018-02-27 07:44:50.494,10001,10001,3,2018-02-27 07:44:50.494,1303,504
,1205.0,3,cc:505,1,2,,0,2018-02-27 07:48:37.903,10001,10001,2,2018-02-27 08:00:02.599,1304,505
,1302.0,3,cc:601,1,4,,0,2018-02-27 14:36:46.677,10001,10001,2,2018-02-27 15:30:02.561,1120,601
,1303.0,3,cc:602,1,3,,0,2018-02-27 14:43:20.561,10001,10001,2,2018-02-27 15:30:02.842,1120,602
,1304.0,3,cc:603,1,2,,0,2018-02-27 14:50:22.850,10001,10001,2,2018-02-27 15:00:02.552,1401,603
,1306.0,3,cc:604,1,0,,0,2018-02-27 15:16:28.731,10001,10001,3,2018-02-27 15:16:28.731,1402,604
,1308.0,3,cc:605,1,3,,0,2018-02-27 15:39:53.044,10001,10001,2,2018-02-27 16:00:02.648,544,605
,1309.0,3,cc:606,1,4,,0,2018-02-27 15:45:25.978,10001,10001,2,2018-02-27 16:00:04.664,801,606
,1307.0,3,cc:607,1,0,,0,2018-02-27 16:14:46.927,10001,10001,3,2018-02-27 16:14:46.927,1404,607
,1310.0,3,cc:608,1,2,,0,2018-02-27 16:31:32.215,10001,10001,2,2018-05-10 15:00:00.298,1408,608
,1311.0,3,cc:609,1,0,,0,2018-02-27 16:31:55.448,10001,10001,3,2018-02-27 16:31:55.448,1408,609
,1312.0,3,cc:610,1,0,,0,2018-02-27 16:32:10.994,10001,10001,3,2018-02-27 16:32:10.994,1408,610
,1310.0,3,cc:611,10002,0,,0,2018-02-27 16:52:32.785,10001,10001,3,2018-02-27 16:52:32.785,1408,611
,1313.0,3,cc:612,1,4,,0,2018-02-27 17:10:34.974,10001,10001,2,2018-02-27 17:30:02.519,1411,612
,1314.0,3,cc:613,1,1,,0,2018-02-27 17:25:21.362,10001,10001,144,2018-02-27 17:29:34.880,1411,613
,1315.0,3,cc:614,1,1,,0,2018-02-27 17:30:43.719,10001,10001,144,2018-02-27 17:31:08.202,1411,614
,1316.0,3,cc:615,1,0,,0,2018-02-27 17:41:49.288,10001,10001,3,2018-02-27 17:41:49.288,1414,615
,1317.0,3,cc:616,1,0,,0,2018-02-27 17:42:14.145,10001,10001,3,2018-02-27 17:42:14.145,1414,616
,1318.0,3,cc:617,1,0,,0,2018-02-27 17:42:38.659,10001,10001,3,2018-02-27 17:42:38.659,1414,617
,1319.0,3,cc:618,1,3,,0,2018-02-27 18:08:32.166,10001,10001,2,2018-02-27 18:30:02.578,1415,618
,1407.0,3,cc:701,1,3,,0,2018-03-05 16:45:38.564,10001,10001,2,2018-03-05 17:00:02.575,1504,701
,1503.0,3,cc:801,1,0,,0,2018-03-06 12:29:44.997,10001,10001,3,2018-03-06 12:29:44.997,1603,801
,1504.0,3,cc:802,1,2,,0,2018-03-06 12:41:38.706,10001,10001,2,2018-03-06 13:00:02.560,1501,802
,1506.0,3,cc:803,1,0,,0,2018-03-06 13:21:38.215,10001,10001,3,2018-03-06 13:21:38.215,1605,803
,1507.0,3,cc:804,1,0,,0,2018-03-06 13:24:31.797,10001,10001,3,2018-03-06 13:24:31.797,1606,804
,1508.0,3,cc:805,1,0,,0,2018-03-06 13:26:58.977,10001,10001,3,2018-03-06 13:26:58.977,1606,805
,1601.0,3,cc:901,10002,2,,0,2018-03-07 21:31:50.182,10001,10001,2,2018-03-07 21:36:20.662,1608,901
,1601.0,3,cc:902,1,2,,0,2018-03-07 21:32:14.324,10001,10001,2,2018-03-07 21:36:20.912,1608,902
,1906.0,3,cc:1001,1,0,,0,2018-03-12 16:11:07.004,10001,10001,3,2018-03-12 16:11:07.004,2005,1001
,1907.0,3,cc:1002,10002,0,,0,2018-03-12 16:11:18.753,10001,10001,3,2018-03-12 16:11:18.753,2005,1002
,2111.0,3,cc:1101,1,2,,0,2018-03-14 13:25:42.388,10001,10001,2,2018-03-14 13:30:02.521,2008,1101
,2112.0,3,cc:1201,1,2,,0,2018-03-15 17:45:23.213,10001,10001,2,2018-03-15 18:00:02.614,2209,1201
,2207.0,3,cc:1202,1,2,,0,2018-03-15 18:48:34.643,10001,10001,2,2018-03-15 19:00:02.522,301,1202
,2409.0,3,cc:1301,1,6,,0,2018-03-19 19:41:53.708,10001,10001,3,2018-08-22 07:14:01.548,2509,1301
,2802.0,3,cc:1401,1,1,,0,2018-03-26 10:27:43.331,10001,10001,3,2018-03-26 10:29:44.732,3003,1401
,2901.0,3,cc:1501,1,0,,0,2018-03-26 15:59:47.297,10001,10001,3,2018-03-26 15:59:47.297,3101,1501
,2901.0,3,cc:1502,10002,3,,0,2018-03-26 16:04:42.010,10001,10001,2,2018-03-26 16:30:03.125,3101,1502
,2902.0,3,cc:1503,1,2,,0,2018-03-26 16:21:49.996,10001,10001,2,2018-03-26 16:30:03.578,3103,1503
,2903.0,3,cc:1504,1,0,,0,2018-03-26 22:07:47.871,10001,10001,3,2018-03-26 22:07:47.871,3105,1504
,3003.0,3,cc:1601,1,1,,0,2018-03-27 13:26:49.542,10001,10001,3,2018-03-27 14:28:56.881,3205,1601
,3003.0,3,cc:1602,10002,0,,0,2018-03-27 14:27:09.903,10001,10001,3,2018-03-27 14:27:09.903,3205,1602
,3004.0,3,cc:1603,1,0,,0,2018-03-27 19:07:24.296,10001,10001,3,2018-03-27 19:07:24.296,3207,1603
,3005.0,3,cc:1604,1,0,,0,2018-03-27 19:43:02.981,10001,10001,3,2018-03-27 19:43:02.981,3208,1604
,3206.0,3,cc:1701,1,0,,0,2018-04-03 19:39:13.813,10001,10001,3,2018-04-03 19:39:13.813,3521,1701
,3210.0,3,cc:1702,1,2,,0,2018-04-03 20:27:45.243,10001,10001,2,2018-04-19 16:00:00.442,3524,1702
,3212.0,3,cc:1703,1,1,,0,2018-04-05 12:32:22.559,10001,10001,3,2018-04-05 12:34:25.180,3527,1703
,3220.0,3,cc:1801,1,2,,0,2018-04-05 15:42:44.853,10001,10001,2,2018-04-05 16:00:02.690,3536,1801
,3301.0,3,cc:1802,1,5,,0,2018-04-05 20:50:33.584,10001,10001,2,2018-04-25 06:35:00.560,3601,1802
,3402.0,3,cc:1901,10002,2,,0,2018-04-06 19:50:53.842,10001,10001,3,2018-04-09 19:01:07.948,3703,1901
,3403.0,3,cc:1902,1,0,,0,2018-04-09 16:11:30.932,10001,10001,3,2018-04-09 16:11:30.932,3708,1902
,3404.0,3,cc:1903,1,4,,0,2018-04-09 19:30:15.047,10001,10001,3,2018-04-11 11:37:13.670,3711,1903
,3404.0,3,cc:1904,10002,2,,0,2018-04-09 19:53:16.645,10001,10001,2,2018-04-09 19:54:36.505,3711,1904
,3306.0,3,cc:2001,10002,0,,0,2018-04-11 10:44:55.770,10001,10001,3,2018-04-11 10:44:55.770,3607,2001
,3306.0,3,cc:2002,1,0,,0,2018-04-11 10:44:55.770,10001,10001,3,2018-04-11 10:44:55.770,3607,2002
,3301.0,3,cc:2003,10002,1,,0,2018-04-11 20:04:24.750,10001,10001,3,2018-04-24 19:52:37.532,3601,2003
,3502.0,3,cc:2004,10002,0,,0,2018-04-11 20:07:04.512,10001,10001,3,2018-04-11 20:07:04.512,3808,2004
,3502.0,3,cc:2005,1,2,,0,2018-04-11 20:10:05.220,10001,10001,2,2018-04-11 20:10:55.356,3808,2005
,3504.0,3,cc:2006,1,0,,0,2018-04-11 21:15:22.564,10001,10001,3,2018-04-11 21:15:22.564,3812,2006
,3503.0,3,cc:2007,1,0,,0,2018-04-11 21:16:01.628,10001,10001,3,2018-04-11 21:16:01.628,3812,2007
,3505.0,3,cc:2008,1,0,,0,2018-04-11 21:16:19.808,10001,10001,3,2018-04-11 21:16:19.808,3812,2008
,3501.0,3,cc:2101,1,0,,0,2018-04-12 18:09:49.057,10001,10001,3,2018-04-12 18:09:49.057,3801,2101
,3601.0,3,cc:2102,10002,0,,0,2018-04-12 18:45:07.190,10001,10001,3,2018-04-12 18:45:07.190,3902,2102
,3601.0,3,cc:2103,1,17,,0,2018-04-12 18:45:07.190,10001,10001,3,2018-04-17 21:15:13.592,3902,2103
,3602.0,3,cc:2104,10002,0,,0,2018-04-12 18:45:07.190,10001,10001,3,2018-04-12 18:45:07.190,3902,2104
,3602.0,3,cc:2105,1,0,,0,2018-04-12 18:45:07.190,10001,10001,3,2018-04-12 18:45:07.190,3902,2105
,3604.0,3,cc:2106,1,6,,0,2018-04-12 20:08:09.839,10001,10001,2,2018-04-20 18:35:00.345,3906,2106
,3603.0,3,cc:2107,1,0,,0,2018-04-12 20:15:18.487,10001,10001,3,2018-04-12 20:15:18.487,3905,2107
,3605.0,3,cc:2108,1,0,,0,2018-04-12 20:29:09.017,10001,10001,3,2018-04-12 20:29:09.017,3906,2108
,3606.0,3,cc:2109,1,0,,0,2018-04-12 20:29:29.884,10001,10001,3,2018-04-12 20:29:29.884,3906,2109
,3607.0,3,cc:2110,1,0,,0,2018-04-12 21:26:06.117,10001,10001,3,2018-04-12 21:26:06.117,3908,2110
,3608.0,3,cc:2111,1,2,,0,2018-04-13 14:45:32.813,10001,10001,2,2018-04-16 16:30:02.525,3902,2111
,3608.0,3,cc:2112,10002,2,,0,2018-04-13 14:45:55.256,10001,10001,2,2018-04-16 16:21:06.259,3902,2112
,3704.0,3,cc:2201,1,19,,0,2018-04-16 13:54:55.268,10001,10001,2,2018-04-16 17:02:29.947,4017,2201
,3705.0,3,cc:2202,1,7,,0,2018-04-16 14:02:32.232,10001,10001,177,2018-04-16 16:33:22.930,4017,2202
,3701.0,3,cc:2301,10002,2,,0,2018-04-16 16:17:16.674,10001,10001,2,2018-04-16 16:21:05.931,3902,2301
,3601.0,3,cc:2302,10001,1,,0,2018-04-16 16:18:30.630,10001,10001,2,2018-04-16 16:21:05.537,3902,2302
,3705.0,177,cc:2304,10001,0,,0,2018-04-16 16:27:37.355,10001,10001,177,2018-04-16 16:27:37.355,4017,2304
,3701.0,3,cc:2305,1,1,,0,2018-04-16 16:30:56.545,10001,10001,2,2018-04-16 16:31:16.096,3902,2305
,3704.0,177,cc:2306,10001,0,,0,2018-04-16 16:33:22.930,10001,10001,177,2018-04-16 16:33:22.930,4017,2306
,,177,cc:2307,1,0,,0,2018-04-16 16:34:40.453,10001,10001,177,2018-04-16 16:34:40.453,4010,2307
,3704.0,177,cc:2308,10002,0,,0,2018-04-16 16:40:26.720,10001,10001,177,2018-04-16 16:40:26.720,4017,2308
,3705.0,177,cc:2311,10002,0,,0,2018-04-16 16:42:33.841,10001,10001,177,2018-04-16 16:42:33.841,4017,2311
,3801.0,3,cc:2312,1,8,,0,2018-04-16 16:50:06.433,10001,10001,2,2018-04-16 18:30:03.849,4102,2312
,3802.0,3,cc:2313,1,10,,0,2018-04-16 17:00:19.660,10001,10001,2,2018-04-17 15:30:05.106,4102,2313
,3803.0,3,cc:2314,1,2,,0,2018-04-16 17:00:29.767,10001,10001,3,2018-04-16 18:10:23.268,4102,2314
,3804.0,3,cc:2315,1,5,,0,2018-04-16 17:07:28.639,10001,10001,3,2018-04-16 18:49:23.448,3914,2315
,3804.0,3,cc:2316,10001,0,,0,2018-04-16 17:09:58.923,10001,10001,3,2018-04-16 17:09:58.923,3914,2316
,3809.0,3,cc:2317,1,0,,0,2018-04-16 19:53:43.969,10001,10001,3,2018-04-16 19:53:43.969,4105,2317
,3811.0,3,cc:2318,1,2,,0,2018-04-16 20:19:11.381,10001,10001,2,2018-04-17 06:35:02.509,4107,2318
,3802.0,3,cc:2319,10002,0,,0,2018-04-17 15:00:35.883,10001,10001,3,2018-04-17 15:00:35.883,4102,2319
,3905.0,3,cc:2401,1,6,,0,2018-04-17 19:14:55.003,10001,10001,2,2018-04-18 16:00:00.324,4203,2401
,3906.0,3,cc:2402,10002,2,,0,2018-04-17 19:14:55.003,10001,10001,2,2018-04-17 19:30:03.551,4203,2402
,3906.0,3,cc:2403,1,4,,0,2018-04-17 19:16:42.092,10001,10001,2,2018-04-17 19:30:03.924,4203,2403
,3908.0,3,cc:2404,1,1,,0,2018-04-17 22:07:41.288,10001,10001,3,2018-04-23 15:55:58.208,4121,2404
,3909.0,3,cc:2405,1,10,,0,2018-04-17 22:19:10.076,10001,10001,2,2018-04-20 16:00:00.279,4206,2405
,4104.0,3,cc:2501,1,1,,0,2018-04-18 21:59:43.931,10001,10001,3,2018-04-18 22:00:29.503,4402,2501
,4103.0,3,cc:2502,1,6,,0,2018-04-18 22:00:44.409,10001,10001,2,2018-04-24 20:00:00.527,4402,2502
,4103.0,2,cc:2503,1,2,,0,2018-04-18 22:15:27.232,10001,10074,3,2018-04-24 19:39:28.421,4402,2503
,4102.0,2,cc:2504,1,1,,0,2018-04-18 22:29:49.588,10001,10074,2,2018-04-19 06:35:00.518,4401,2504
,4205.0,3,cc:2601,10002,2,,0,2018-04-19 14:05:00.881,10001,10001,2,2018-04-19 14:30:00.485,4506,2601
,4205.0,3,cc:2602,1,10,,0,2018-04-19 14:05:21.709,10001,10001,2,2018-04-19 20:00:00.711,4506,2602
,4206.0,3,cc:2603,1,6,,0,2018-04-19 14:05:41.018,10001,10001,2,2018-04-20 17:00:00.743,4506,2603
,4207.0,3,cc:2604,1,0,,0,2018-04-19 14:06:51.332,10001,10001,3,2018-04-19 14:06:51.332,4506,2604
,4208.0,3,cc:2605,1,2,,0,2018-04-19 14:50:26.989,10001,10001,2,2018-04-19 15:00:00.935,4507,2605
,4209.0,3,cc:2606,1,0,,0,2018-04-19 14:50:26.989,10001,10001,3,2018-04-19 14:50:26.989,4507,2606
,4312.0,3,cc:2701,1,2,,0,2018-04-20 16:23:52.433,10001,10001,2,2018-04-20 16:30:00.289,4618,2701
,4312.0,3,cc:2702,10002,0,,0,2018-04-20 16:23:52.433,10001,10001,3,2018-04-20 16:23:52.433,4618,2702
,4313.0,3,cc:2703,10002,0,,0,2018-04-20 16:23:52.433,10001,10001,3,2018-04-20 16:23:52.433,4618,2703
,4313.0,3,cc:2704,1,0,,0,2018-04-20 16:23:52.433,10001,10001,3,2018-04-20 16:23:52.433,4618,2704
,4206.0,3,cc:2705,10002,0,,0,2018-04-20 16:40:50.701,10001,10001,3,2018-04-20 16:40:50.701,4506,2705
,4601.0,3,cc:2801,10002,0,,0,2018-04-23 15:34:26.463,10001,10001,3,2018-04-23 15:34:26.463,4901,2801
,4601.0,3,cc:2802,1,6,,0,2018-04-23 15:34:26.463,10001,10001,2,2018-04-24 15:00:00.553,4901,2802
,4602.0,3,cc:2803,10002,0,,0,2018-04-23 15:34:26.463,10001,10001,3,2018-04-23 15:34:26.463,4901,2803
,4602.0,3,cc:2804,1,6,,0,2018-04-23 15:34:26.463,10001,10001,2,2018-04-24 15:00:00.965,4901,2804
,4603.0,3,cc:2805,1,0,,0,2018-04-23 15:34:26.463,10001,10001,3,2018-04-23 15:34:26.463,4901,2805
,4603.0,3,cc:2806,10002,0,,0,2018-04-23 15:38:23.502,10001,10001,3,2018-04-23 15:38:23.502,4901,2806
,4622.0,3,cc:2901,1,1,,0,2018-04-24 14:24:13.097,10001,10001,3,2018-04-24 14:26:42.970,4923,2901
,4622.0,3,cc:2902,10002,0,,0,2018-04-24 14:26:42.970,10001,10001,3,2018-04-24 14:26:42.970,4923,2902
,4806.0,3,cc:3001,1,2,,0,2018-04-24 16:41:55.222,10001,10001,2,2018-04-24 16:46:37.318,5108,3001
,4807.0,3,cc:3002,1,4,,0,2018-04-24 16:42:41.634,10001,10001,2,2018-04-24 16:46:38.177,5108,3002
,4806.0,3,cc:3003,10002,2,,0,2018-04-24 16:43:11.387,10001,10001,2,2018-04-24 16:46:36.663,5108,3003
,4806.0,3,cc:3004,10001,1,,0,2018-04-24 16:45:52.653,10001,10001,2,2018-04-24 16:46:37.912,5108,3004
,,2,cc:3006,1,3,,0,2018-04-24 19:51:21.269,10001,10074,2,2018-04-25 06:35:01.430,3601,3006
,3501.0,2,cc:3007,1,1,,0,2018-04-24 19:57:08.540,10001,10074,2,2018-04-25 06:35:00.994,3801,3007
,3301.0,3,cc:3008,1,0,,0,2018-04-24 20:00:17.232,10001,10074,3,2018-04-24 20:00:17.232,3601,3008
,4912.0,3,cc:3101,1,3,,0,2018-05-01 13:05:27.449,10001,10001,3,2018-05-01 13:19:07.296,5259,3101
,4913.0,3,cc:3102,1,2,,0,2018-05-01 13:07:17.786,10001,10001,2,2018-05-01 13:09:47.945,5259,3102
,4914.0,3,cc:3103,1,3,,0,2018-05-01 13:16:15.513,10001,10001,3,2018-05-01 13:19:07.296,5260,3103
,4915.0,3,cc:3104,1,0,,0,2018-05-01 13:17:23.906,10001,10001,3,2018-05-01 13:17:23.906,5260,3104
,4939.0,3,cc:3105,1,2,,0,2018-05-02 17:59:08.070,10001,10001,2,2018-05-02 17:59:48.174,5316,3105
,5114.0,3,cc:3201,1,0,,0,2018-05-07 18:32:07.257,10001,10001,3,2018-05-07 18:32:07.257,5523,3201
,5215.0,3,cc:3301,1,2,,0,2018-05-10 14:53:14.354,10001,10001,2,2018-05-10 15:00:00.786,5745,3301
,5317.0,3,cc:3401,1,5,,0,2018-05-11 14:24:53.867,10001,10001,3,2018-05-11 14:45:17.591,5826,3401
,5328.0,3,cc:3402,10002,0,,0,2018-05-14 13:43:07.110,10001,10001,3,2018-05-14 13:43:07.110,5842,3402
,5340.0,3,cc:3403,1,2,,0,2018-05-15 09:54:39.288,10001,10001,2,2018-05-15 09:58:48.963,5865,3403
,5341.0,3,cc:3404,10002,2,,0,2018-05-15 10:39:48.865,10001,10001,2,2018-05-15 11:00:00.293,5866,3404
,5342.0,3,cc:3405,10002,2,,0,2018-05-15 12:42:23.179,10001,10001,2,2018-05-15 13:00:00.369,5867,3405
,2203.0,3,cc:3406,1,0,,0,2018-05-15 14:56:15.749,10001,10001,3,2018-05-15 14:56:15.749,2304,3406
,9453.0,240,cc:7118,1,0,,0,2018-08-22 20:00:01.232,10001,10001,240,2018-08-22 20:00:01.232,10267,7118
,9454.0,240,cc:7119,1,0,,0,2018-08-22 20:03:04.262,10001,10001,240,2018-08-22 20:03:04.262,10268,7119
,9455.0,240,cc:7120,1,0,,0,2018-08-22 20:08:19.172,10001,10001,240,2018-08-22 20:08:19.172,10269,7120
,9457.0,3,cc:7121,1,1,,0,2018-08-22 20:28:21.414,10001,10001,3,2018-08-22 20:28:59.502,10274,7121
,9458.0,3,cc:7122,1,1,,0,2018-08-22 20:32:18.913,10001,10001,3,2018-08-22 20:35:00.547,10275,7122
,9459.0,240,cc:7123,1,2,,0,2018-08-22 20:36:57.978,10001,10001,240,2018-08-22 20:38:13.383,10276,7123
,9460.0,240,cc:7124,1,2,,0,2018-08-22 20:41:22.503,10001,10001,240,2018-08-22 20:42:18.262,10278,7124
,2409.0,3,cc:7201,10001,0,,0,2018-08-23 06:27:50.448,10001,10001,3,2018-08-23 06:27:50.448,2509,7201
,9315.0,3,cc:7202,10001,2,,0,2018-08-23 06:59:42.149,10001,10001,2,2018-08-28 07:34:49.833,10124,7202
,9439.0,3,cc:7203,10002,0,,0,2018-08-23 07:25:24.001,10001,10001,3,2018-08-23 07:25:24.001,10235,7203
,9501.0,3,cc:7204,1,0,,0,2018-08-23 09:05:30.593,10001,10001,3,2018-08-23 09:05:30.593,10306,7204
,9607.0,3,cc:7301,10002,0,,0,2018-08-24 10:20:10.157,10001,10001,3,2018-08-24 10:20:10.157,10428,7301
,9210.0,3,cc:7302,1,0,,0,2018-08-24 15:43:33.922,10001,10001,3,2018-08-24 15:43:33.922,10011,7302
,9211.0,3,cc:7303,1,0,,0,2018-08-24 15:43:53.226,10001,10001,3,2018-08-24 15:43:53.226,10011,7303
,9705.0,3,cc:7401,10001,3,,0,2018-08-27 17:50:55.535,10001,10001,3,2018-08-29 15:23:27.042,10602,7401
,9404.0,3,cc:7402,1,2,,0,2018-08-28 06:33:21.489,10001,10001,2,2018-08-28 07:34:50.038,10204,7402
,9711.0,3,cc:7403,1,5,,0,2018-08-29 06:53:06.461,10001,10001,3,2018-08-29 12:37:22.988,10635,7403
,9712.0,3,cc:7404,1,4,,0,2018-08-29 12:23:12.936,10001,10001,3,2018-08-29 13:44:27.124,10635,7404
,9713.0,3,cc:7405,1,4,,0,2018-08-29 12:23:45.360,10001,10001,3,2018-08-29 13:44:50.937,10635,7405
,9726.0,3,cc:7406,1,2,,0,2018-08-29 14:50:21.985,10001,10001,2,2018-08-29 14:53:59.599,10635,7406
,9732.0,3,cc:7407,1,5,,0,2018-08-29 15:12:23.245,10001,10001,3,2018-08-29 15:30:28.820,10635,7407
,9733.0,3,cc:7408,1,8,,0,2018-08-29 15:12:42.546,10001,10001,3,2018-08-29 15:31:13.709,10635,7408
,9724.0,3,cc:7409,1,0,,0,2018-08-29 15:23:27.042,10001,10001,3,2018-08-29 15:23:27.042,10602,7409
,9731.0,3,cc:7410,1,0,,0,2018-08-29 15:38:55.656,10001,10001,3,2018-08-29 15:38:55.656,10681,7410
,9734.0,3,cc:7411,1,0,,0,2018-08-29 18:51:52.230,10001,10001,3,2018-08-29 18:51:52.230,10683,7411
,9735.0,240,cc:7412,1,2,,0,2018-08-29 18:55:37.344,10001,10001,240,2018-08-29 18:57:05.616,10684,7412
,9736.0,240,cc:7413,1,3,,0,2018-08-29 19:13:25.191,10001,10001,240,2018-08-29 19:19:09.772,10685,7413
,9736.0,240,cc:7414,10002,2,,0,2018-08-29 19:13:25.191,10001,10001,240,2018-08-29 19:17:08.624,10685,7414
,9737.0,240,cc:7415,1,2,,0,2018-08-29 19:20:33.454,10001,10001,240,2018-08-29 19:24:23.430,10686,7415
,9738.0,240,cc:7416,1,2,,0,2018-08-29 19:29:10.569,10001,10001,240,2018-08-29 19:29:52.373,10687,7416
,9739.0,240,cc:7417,1,2,,0,2018-08-29 19:45:44.086,10001,10001,240,2018-08-29 19:46:32.870,10688,7417
,9716.0,3,cc:7418,1,2,,0,2018-08-30 04:57:41.339,10001,10001,2,2018-08-30 10:01:34.588,10652,7418
,9740.0,3,cc:7419,10002,0,,0,2018-08-30 05:49:36.647,10001,10001,3,2018-08-30 05:49:36.647,10652,7419
,9744.0,3,cc:7420,1,7,,0,2018-08-30 09:45:02.118,10001,10001,3,2018-08-31 11:06:12.885,10702,7420
,9745.0,3,cc:7421,1,5,,0,2018-08-30 09:58:01.052,10001,10001,3,2018-08-30 11:03:52.948,10702,7421
,9746.0,3,cc:7422,1,3,,0,2018-08-30 10:19:30.234,10001,10001,2,2018-08-30 12:31:12.134,10704,7422
,9751.0,3,cc:7423,1,5,,0,2018-08-30 12:27:39.431,10001,10001,3,2018-08-31 07:53:36.309,10711,7423
,9752.0,3,cc:7424,1,2,,0,2018-08-30 12:28:04.520,10001,10001,2,2018-08-30 12:32:34.437,10711,7424
,9753.0,3,cc:7425,1,5,,0,2018-08-30 12:28:23.818,10001,10001,3,2018-08-31 07:54:04.440,10711,7425
,9754.0,3,cc:7426,1,2,,0,2018-08-30 12:28:38.728,10001,10001,2,2018-08-30 12:34:42.416,10711,7426
,9755.0,3,cc:7427,1,7,,0,2018-08-30 13:54:53.363,10001,10001,3,2018-08-31 07:54:23.963,10711,7427
,9756.0,3,cc:7428,1,4,,0,2018-08-30 13:55:13.216,10001,10001,3,2018-08-31 07:55:10.442,10711,7428
,9757.0,240,cc:7429,1,2,,0,2018-08-30 14:34:47.971,10001,10001,240,2018-08-30 14:36:06.712,10715,7429
,9758.0,240,cc:7430,1,0,,0,2018-08-30 14:44:34.419,10001,10001,240,2018-08-30 14:44:34.419,10718,7430
,9759.0,240,cc:7431,1,0,,0,2018-08-30 14:48:31.564,10001,10001,240,2018-08-30 14:48:31.564,10719,7431
,9760.0,3,cc:7432,1,0,,0,2018-08-30 14:55:36.004,10001,10001,3,2018-08-30 14:55:36.004,10720,7432
,9750.0,3,cc:7501,1,0,,0,2018-08-30 15:50:00.860,10001,10001,3,2018-08-30 15:50:00.860,10709,7501
,9804.0,3,cc:7502,1,0,,0,2018-08-30 16:52:21.872,10001,10001,3,2018-08-30 16:52:21.872,10806,7502
,9806.0,3,cc:7503,1,0,,0,2018-08-30 17:03:58.476,10001,10001,3,2018-08-30 17:03:58.476,10808,7503
,9807.0,3,cc:7504,1,0,,0,2018-08-30 17:10:45.010,10001,10001,3,2018-08-30 17:10:45.010,10809,7504
,9808.0,3,cc:7505,1,0,,0,2018-08-30 17:15:49.126,10001,10001,3,2018-08-30 17:15:49.126,10810,7505
,9809.0,3,cc:7506,1,2,,0,2018-08-30 17:22:12.202,10001,10001,3,2018-08-30 17:22:15.943,10811,7506
,9810.0,3,cc:7507,1,0,,0,2018-08-30 18:43:19.335,10001,10001,3,2018-08-30 18:43:19.335,10688,7507
,9821.0,3,cc:7508,1,4,,0,2018-08-31 11:20:39.046,10001,10001,3,2018-08-31 11:36:55.681,10850,7508
,10001.0,3,cc:7601,1,8,,0,2018-09-03 05:33:24.476,10001,10001,3,2018-09-03 07:52:23.218,11102,7601
,10003.0,3,cc:7603,1,4,,0,2018-09-03 05:41:51.243,10001,10001,3,2018-09-03 07:52:42.882,11102,7603
,10004.0,3,cc:7604,1,4,,0,2018-09-03 07:31:48.275,10001,10001,2,2018-09-04 07:50:08.675,11109,7604
,10005.0,3,cc:7605,1,4,,0,2018-09-03 07:59:59.731,10001,10001,2,2018-09-04 07:50:08.053,11114,7605
,10006.0,3,cc:7606,1,5,,0,2018-09-03 08:17:48.836,10001,10001,2,2018-09-04 07:50:08.931,11117,7606
,10014.0,3,cc:7607,10002,0,,0,2018-09-03 10:43:50.482,10001,10001,3,2018-09-03 10:43:50.482,11122,7607
,10015.0,3,cc:7608,1,0,,0,2018-09-03 10:59:25.297,10001,10001,3,2018-09-03 10:59:25.297,11142,7608
,10016.0,3,cc:7609,10002,1,,0,2018-09-03 11:18:55.707,10001,10001,3,2018-09-03 11:31:41.716,11143,7609
,10103.0,3,cc:7701,1,5,,0,2018-09-04 07:22:41.527,10001,10001,2,2018-09-04 08:02:49.778,11235,7701
,10104.0,3,cc:7702,1,4,,0,2018-09-04 07:23:05.434,10001,10001,2,2018-09-04 08:02:50.324,11235,7702
,10105.0,3,cc:7703,1,3,,0,2018-09-04 07:23:24.603,10001,10001,3,2018-09-04 08:00:09.673,11235,7703
,10106.0,3,cc:7704,1,2,,0,2018-09-04 07:23:41.029,10001,10001,2,2018-09-04 07:50:11.236,11235,7704
,10108.0,3,cc:7705,1,1,,0,2018-09-04 11:19:25.014,10001,10001,3,2018-09-04 11:20:32.648,11265,7705
,10210.0,3,cc:7801,1,1,,0,2018-09-05 05:41:44.792,10001,10001,3,2018-09-05 06:05:20.831,11101,7801
,10213.0,3,cc:7802,1,3,,0,2018-09-05 07:57:08.751,10001,10001,3,2018-09-05 08:00:44.943,11344,7802
,10214.0,3,cc:7803,1,0,,0,2018-09-05 08:03:15.842,10001,10001,3,2018-09-05 08:03:15.842,11347,7803
,10215.0,3,cc:7804,1,0,,0,2018-09-05 08:20:12.679,10001,10001,3,2018-09-05 08:20:12.679,11348,7804
,10217.0,3,cc:7805,1,7,,0,2018-09-05 09:26:18.164,10001,10001,2,2018-09-05 10:03:48.717,11351,7805
,10218.0,3,cc:7806,1,5,,0,2018-09-05 09:26:45.701,10001,10001,3,2018-09-05 10:01:04.674,11351,7806
,10219.0,3,cc:7807,1,10,,0,2018-09-05 09:27:04.028,10001,10001,2,2018-09-05 10:03:49.051,11351,7807
,10224.0,3,cc:7809,1,1,,0,2018-09-05 11:00:43.353,10001,10001,3,2018-09-05 11:04:54.522,11356,7809
,10301.0,3,cc:7901,1,1,,0,2018-09-05 13:15:22.866,10001,10001,3,2018-09-06 07:03:19.837,11402,7901
,10312.0,3,cc:7902,1,1,,0,2018-09-06 10:12:38.971,10001,10001,3,2018-09-06 10:14:02.397,11435,7902
,10313.0,3,cc:7903,1,1,,0,2018-09-06 10:48:40.202,10001,10001,3,2018-09-06 10:49:42.651,11437,7903
,10315.0,3,cc:7904,1,5,,0,2018-09-06 11:34:35.974,10001,10001,2,2018-09-07 08:36:04.619,11430,7904
,10316.0,3,cc:7905,1,3,,0,2018-09-06 11:34:54.720,10001,10001,2,2018-09-07 08:22:03.317,11430,7905
,10317.0,3,cc:7906,1,7,,0,2018-09-06 11:35:10.970,10001,10001,2,2018-09-07 08:36:04.944,11430,7906
,10323.0,3,cc:7908,1,1,,0,2018-09-06 12:36:29.317,10001,10001,3,2018-09-06 12:39:15.882,11449,7908
,10507.0,3,cc:8001,1,1,,0,2018-09-07 10:21:09.947,10001,10001,3,2018-09-07 10:22:33.534,11606,8001
,10508.0,3,cc:8002,1,8,,0,2018-09-07 11:02:34.916,10001,10001,3,2018-09-19 14:44:11.336,11434,8002
,10509.0,3,cc:8003,1,2,,0,2018-09-07 11:02:53.583,10001,10001,2,2018-09-07 11:34:20.004,11434,8003
,10510.0,3,cc:8004,1,7,,0,2018-09-07 11:03:12.971,10001,10001,2,2018-09-10 10:51:32.440,11434,8004
,10512.0,3,cc:8006,1,3,,0,2018-09-07 14:39:35.247,10001,10001,3,2018-09-07 14:48:44.474,11432,8006
,10513.0,3,cc:8007,1,2,,0,2018-09-07 14:39:54.385,10001,10001,2,2018-09-07 14:47:01.358,11432,8007
,10514.0,3,cc:8008,1,0,,0,2018-09-07 14:40:08.813,10001,10001,3,2018-09-07 14:40:08.813,11432,8008
,10522.0,3,cc:8010,1,5,,0,2018-09-10 08:24:31.060,10001,10001,2,2018-09-10 10:46:51.107,11640,8010
,10617.0,3,cc:8101,1,2,,0,2018-09-10 19:16:05.025,10001,10001,2,2018-09-10 19:46:35.133,11731,8101
,10618.0,3,cc:8102,1,0,,0,2018-09-10 19:16:56.965,10001,10001,3,2018-09-10 19:16:56.965,11731,8102
,10616.0,3,cc:8103,1,0,,0,2018-09-10 20:36:33.572,10001,10001,3,2018-09-10 20:36:33.572,11730,8103
,10619.0,3,cc:8104,1,0,,0,2018-09-10 20:37:12.905,10001,10001,3,2018-09-10 20:37:12.905,11730,8104
,10628.0,3,cc:8105,1,2,,0,2018-09-11 09:31:28.158,10001,10001,3,2018-09-12 07:32:52.435,11741,8105
,10669.0,3,cc:8106,1,0,,0,2018-09-12 07:15:44.188,10001,10001,3,2018-09-12 07:15:44.188,11818,8106
,10709.0,3,cc:8201,1,0,,0,2018-09-13 09:18:03.175,10001,10001,3,2018-09-13 09:18:03.175,11914,8201
,10715.0,3,cc:8202,1,0,,0,2018-09-14 07:26:41.628,10001,10001,3,2018-09-14 07:26:41.628,11929,8202
,,3,cc:8203,1,0,,0,2018-09-14 07:27:58.794,10001,10001,3,2018-09-14 07:27:58.794,11929,8203
,10716.0,3,cc:8204,1,0,,0,2018-09-14 07:40:30.251,10001,10001,3,2018-09-14 07:40:30.251,11931,8204
,10717.0,3,cc:8205,1,0,,0,2018-09-14 07:44:16.988,10001,10001,3,2018-09-14 07:44:16.988,11932,8205
,10720.0,3,cc:8206,1,2,,0,2018-09-14 09:17:35.388,10001,10001,3,2018-09-14 09:17:39.016,11937,8206
,10721.0,3,cc:8207,1,5,,0,2018-09-14 09:58:35.523,10001,10001,2,2018-09-19 14:44:34.971,11938,8207
,10725.0,3,cc:8208,1,2,,0,2018-09-14 11:09:47.001,10001,10001,3,2018-09-14 11:09:50.134,11947,8208
,10726.0,3,cc:8209,1,2,,0,2018-09-14 11:13:23.833,10001,10001,3,2018-09-14 11:13:27.146,11948,8209
,10727.0,3,cc:8210,1,2,,0,2018-09-14 12:09:21.371,10001,10001,3,2018-09-14 12:09:24.747,11955,8210
,10728.0,3,cc:8211,1,2,,0,2018-09-14 12:18:18.151,10001,10001,3,2018-09-14 12:18:21.312,11957,8211
,9820.0,3,cc:8212,1,0,,0,2018-09-14 12:18:34.544,10001,10001,3,2018-09-14 12:18:34.544,10839,8212
,10730.0,3,cc:8213,1,5,,0,2018-09-14 12:36:39.282,10001,10001,2,2018-09-19 14:44:36.194,11958,8213
,10731.0,3,cc:8214,1,5,,0,2018-09-14 12:47:09.497,10001,10001,2,2018-09-19 14:44:36.915,11959,8214
,10732.0,3,cc:8215,1,5,,0,2018-09-14 13:00:38.270,10001,10001,2,2018-09-19 14:44:37.440,11960,8215
,10733.0,3,cc:8216,1,5,,0,2018-09-14 13:06:23.914,10001,10001,2,2018-09-19 14:44:37.904,11961,8216
,10735.0,3,cc:8217,1,5,,0,2018-09-14 13:31:26.757,10001,10001,2,2018-09-19 14:44:39.247,11963,8217
,10830.0,3,cc:8301,1,1,,0,2018-09-18 14:30:27.104,10001,10001,3,2018-09-18 14:35:51.328,12057,8301
,10833.0,3,cc:8302,1,2,,0,2018-09-18 15:09:30.208,10001,10001,2,2018-09-19 14:44:39.685,12060,8302
,10843.0,3,cc:8303,1,0,,0,2018-09-18 16:30:38.087,10001,10001,3,2018-09-18 16:30:38.087,12060,8303
,10848.0,3,cc:8304,1,0,,0,2018-09-18 19:35:05.019,10001,10001,3,2018-09-18 19:35:05.019,12065,8304
,10827.0,3,cc:8401,1,2,,0,2018-09-19 13:04:57.018,10001,10001,2,2018-09-20 14:36:27.563,12052,8401
,11010.0,3,cc:8501,1,1,,0,2018-09-20 11:00:26.021,10001,10001,3,2018-09-20 12:53:53.951,12213,8501
,10851.0,3,cc:8502,1,0,,0,2018-09-20 14:35:44.938,10001,10001,3,2018-09-20 14:35:44.938,12068,8502
,11105.0,3,cc:8601,1,0,,0,2018-09-21 07:22:22.048,10001,10001,3,2018-09-21 07:22:22.048,11818,8601
,8526.0,3,cc:8602,1,4,,0,2018-09-21 07:41:14.414,10001,10001,3,2018-09-21 09:01:28.569,7102,8602
,11115.0,403,cc:8603,10002,0,,0,2018-09-21 11:23:38.170,10001,10001,403,2018-09-21 11:23:38.170,12325,8603
,11109.0,403,cc:8604,1,0,,0,2018-09-21 11:26:55.717,10001,10001,403,2018-09-21 11:26:55.717,12318,8604
,11303.0,3,cc:8701,10002,0,,0,2018-09-24 08:10:16.353,10001,10001,3,2018-09-24 08:10:16.353,12505,8701
,11307.0,3,cc:8702,10002,0,,0,2018-09-24 09:17:59.187,10001,10001,3,2018-09-24 09:17:59.187,12505,8702
,11312.0,3,cc:8703,10002,0,,0,2018-09-24 09:56:07.788,10001,10001,3,2018-09-24 09:56:07.788,12523,8703
,11312.0,3,cc:8704,1,0,,0,2018-09-24 10:00:51.892,10001,10001,3,2018-09-24 10:00:51.892,12523,8704
,11315.0,3,cc:8705,10002,1,,0,2018-09-24 10:24:19.529,10001,10001,3,2018-09-24 10:40:51.354,12531,8705
,11317.0,3,cc:8706,10002,0,,0,2018-09-24 10:24:19.529,10001,10001,3,2018-09-24 10:24:19.529,12531,8706
,11318.0,3,cc:8707,10002,1,,0,2018-09-24 11:50:24.648,10001,10001,3,2018-09-24 12:03:31.071,12539,8707
,11319.0,3,cc:8708,1,0,,0,2018-09-24 12:01:38.314,10001,10001,3,2018-09-24 12:01:38.314,12542,8708
,11318.0,3,cc:8709,1,0,,0,2018-09-24 12:02:51.992,10001,10001,3,2018-09-24 12:02:51.992,12539,8709
,11320.0,3,cc:8710,10002,3,,0,2018-09-24 12:16:24.407,10001,10001,3,2018-09-24 12:50:11.111,12543,8710
,11329.0,3,cc:8711,10002,3,,0,2018-09-24 13:10:11.188,10001,10001,3,2018-09-24 13:21:00.049,12552,8711
,11330.0,3,cc:8712,10002,3,,0,2018-09-24 13:10:11.188,10001,10001,3,2018-09-24 13:22:33.559,12552,8712
,11331.0,403,cc:8713,1,0,,0,2018-09-24 13:29:46.118,10001,10001,403,2018-09-24 13:29:46.118,12555,8713
,11339.0,403,cc:8714,10002,0,,0,2018-09-24 14:08:40.435,10001,10001,403,2018-09-24 14:08:40.435,12559,8714
,11345.0,403,cc:8715,1,0,,0,2018-09-24 14:26:13.361,10001,10001,403,2018-09-24 14:26:13.361,12562,8715
,11347.0,403,cc:8716,1,0,,0,2018-09-24 14:32:45.858,10001,10001,403,2018-09-24 14:32:45.858,12563,8716
,11349.0,403,cc:8717,1,0,,0,2018-09-24 14:52:44.054,10001,10001,403,2018-09-24 14:52:44.054,12564,8717
,11351.0,403,cc:8718,1,0,,0,2018-09-24 14:58:12.791,10001,10001,403,2018-09-24 14:58:12.791,12565,8718
,11356.0,3,cc:8719,10002,0,,0,2018-09-24 18:01:10.215,10001,10001,3,2018-09-24 18:01:10.215,12571,8719
,11359.0,3,cc:8720,10002,4,,0,2018-09-25 00:57:04.574,10001,10001,3,2018-09-25 01:16:02.306,12575,8720
,11360.0,3,cc:8721,10002,13,,0,2018-09-25 01:25:08.271,10001,10001,3,2018-09-25 02:29:45.716,12576,8721
,11361.0,3,cc:8722,10002,0,,0,2018-09-25 02:34:13.178,10001,10001,3,2018-09-25 02:34:13.178,12577,8722
,11362.0,3,cc:8723,10002,0,,0,2018-09-25 02:34:13.178,10001,10001,3,2018-09-25 02:34:13.178,12577,8723
,11363.0,3,cc:8724,10002,1,,0,2018-09-25 02:40:58.476,10001,10001,3,2018-09-25 02:57:38.578,12578,8724
,11364.0,3,cc:8725,10002,1,,0,2018-09-25 02:40:58.476,10001,10001,3,2018-09-25 02:58:58.676,12578,8725
,11364.0,3,cc:8726,1,0,,0,2018-09-25 02:57:38.578,10001,10001,3,2018-09-25 02:57:38.578,12578,8726
,11367.0,3,cc:8727,10002,11,,0,2018-09-25 07:46:19.663,10001,10001,3,2018-09-25 10:52:02.214,12581,8727
,11374.0,3,cc:8728,1,0,,0,2018-09-25 10:48:27.066,10001,10001,3,2018-09-25 10:48:27.066,12581,8728
,11379.0,3,cc:8729,1,6,,0,2018-09-25 11:15:15.757,10001,10001,2,2018-09-25 11:22:57.941,12595,8729
,11391.0,403,cc:8730,1,0,,0,2018-09-25 12:15:51.631,10001,10001,403,2018-09-25 12:15:51.631,12601,8730
,11394.0,403,cc:8731,1,0,,0,2018-09-25 12:44:51.542,10001,10001,403,2018-09-25 12:44:51.542,12603,8731
,11397.0,403,cc:8732,1,0,,0,2018-09-25 12:56:49.714,10001,10001,403,2018-09-25 12:56:49.714,12605,8732
,11399.0,403,cc:8733,1,0,,0,2018-09-25 13:05:35.521,10001,10001,403,2018-09-25 13:05:35.521,12606,8733
,11401.0,403,cc:8734,1,0,,0,2018-09-25 13:23:50.057,10001,10001,403,2018-09-25 13:23:50.057,12607,8734
,11403.0,403,cc:8735,1,0,,0,2018-09-25 13:34:58.057,10001,10001,403,2018-09-25 13:34:58.057,12609,8735
,11405.0,403,cc:8736,1,0,,0,2018-09-25 13:39:22.028,10001,10001,403,2018-09-25 13:39:22.028,12610,8736
,11407.0,403,cc:8737,1,0,,0,2018-09-25 13:44:42.864,10001,10001,403,2018-09-25 13:44:42.864,12611,8737
,11410.0,403,cc:8738,1,0,,0,2018-09-25 14:46:37.012,10001,10001,403,2018-09-25 14:46:37.012,12613,8738
,11426.0,403,cc:8739,1,0,,0,2018-09-26 11:27:13.618,10001,10001,403,2018-09-26 11:27:13.618,12639,8739
,11429.0,403,cc:8740,1,2,,0,2018-09-26 11:37:49.385,10001,10001,403,2018-09-26 11:55:09.681,12640,8740
,11431.0,403,cc:8741,1,0,,0,2018-09-26 13:06:44.355,10001,10001,403,2018-09-26 13:06:44.355,12645,8741
,11433.0,403,cc:8742,1,0,,0,2018-09-26 13:48:05.733,10001,10001,403,2018-09-26 13:48:05.733,12648,8742
,11435.0,403,cc:8743,1,0,,0,2018-09-26 13:55:54.932,10001,10001,403,2018-09-26 13:55:54.932,12649,8743
,11437.0,403,cc:8744,1,0,,0,2018-09-26 14:03:18.618,10001,10001,403,2018-09-26 14:03:18.618,12650,8744
,11439.0,403,cc:8745,1,0,,0,2018-09-26 14:18:28.854,10001,10001,403,2018-09-26 14:18:28.854,12651,8745
,11441.0,403,cc:8746,1,0,,0,2018-09-26 14:59:41.883,10001,10001,403,2018-09-26 14:59:41.883,12653,8746
,11458.0,3,cc:8747,1,2,,0,2018-09-26 23:39:11.303,10001,10001,2,2018-09-26 23:41:02.731,12676,8747
,11465.0,403,cc:8748,1,0,,0,2018-09-27 11:47:31.915,10001,10001,403,2018-09-27 11:47:31.915,12689,8748
,11467.0,403,cc:8749,1,2,,0,2018-09-27 12:03:07.448,10001,10001,2,2018-10-03 13:23:34.830,12691,8749
,11472.0,403,cc:8750,1,0,,0,2018-09-27 14:27:23.128,10001,10001,403,2018-09-27 14:27:23.128,12698,8750
,11474.0,403,cc:8751,1,2,,0,2018-09-27 14:33:24.274,10001,10001,403,2018-09-27 14:37:35.462,12699,8751
,11476.0,403,cc:8752,1,2,,0,2018-09-27 14:45:00.697,10001,10001,403,2018-09-27 14:47:37.067,12700,8752
,11478.0,403,cc:8753,1,0,,0,2018-09-27 15:27:50.668,10001,10001,403,2018-09-27 15:27:50.668,12701,8753
,11803.0,3,cc:8801,1,0,,0,2018-10-02 19:02:37.271,10001,10001,3,2018-10-02 19:02:37.271,13106,8801
,11912.0,3,cc:8901,10002,6,,0,2018-10-03 13:00:58.394,10001,10001,3,2018-10-03 13:32:24.871,13230,8901
,12001.0,3,cc:8902,10002,0,,0,2018-10-03 13:09:41.096,10001,10001,3,2018-10-03 13:09:41.096,13230,8902
,12002.0,3,cc:8903,1,3,,0,2018-10-03 13:30:04.626,10001,10001,3,2018-10-03 13:56:29.670,11433,8903
,12003.0,3,cc:8904,1,2,,0,2018-10-03 13:30:22.465,10001,10001,2,2018-10-03 13:43:09.880,11433,8904
,12004.0,3,cc:8905,1,5,,0,2018-10-03 13:30:40.609,10001,10001,3,2018-10-03 14:10:38.756,11433,8905
,12005.0,3,cc:8906,10002,0,,0,2018-10-03 13:30:55.249,10001,10001,3,2018-10-03 13:30:55.249,11433,8906
,12006.0,3,cc:8907,10002,3,,0,2018-10-03 13:33:07.535,10001,10001,3,2018-10-03 14:06:21.149,11433,8907
,12101.0,3,cc:9001,10002,8,,0,2018-10-04 05:48:42.158,10001,10001,2,2018-10-04 10:38:34.278,13401,9001
,12101.0,3,cc:9002,10001,5,,0,2018-10-04 06:12:04.797,10001,10001,3,2018-10-04 07:37:36.833,13401,9002
,12105.0,3,cc:9003,10002,4,,0,2018-10-04 10:36:27.175,10001,10001,3,2018-10-04 10:49:18.087,13412,9003
,12106.0,3,cc:9004,1,0,,0,2018-10-04 11:24:48.688,10001,10001,3,2018-10-04 11:24:48.688,13413,9004
,12107.0,3,cc:9005,10002,4,,0,2018-10-04 11:57:28.128,10001,10001,3,2018-10-08 09:55:45.657,13414,9005
,12108.0,3,cc:9006,1,0,,0,2018-10-04 12:09:14.363,10001,10001,3,2018-10-04 12:09:14.363,13217,9006
,12201.0,3,cc:9101,1,2,,0,2018-10-04 15:15:47.656,10001,10001,3,2018-10-04 15:16:50.560,13501,9101
,12509.0,3,cc:9201,10002,5,,0,2018-10-08 10:52:32.975,10001,10001,3,2018-10-08 11:25:30.293,13815,9201
,12510.0,3,cc:9202,10002,2,,0,2018-10-08 11:36:19.632,10001,10001,3,2018-10-08 11:37:50.493,13816,9202
,12511.0,3,cc:9203,1,2,,0,2018-10-08 11:46:46.734,10001,10001,3,2018-10-08 11:48:02.839,13817,9203
,12601.0,3,cc:9301,1,0,,0,2018-10-08 14:37:19.970,10001,10001,3,2018-10-08 14:37:19.970,10602,9301
